Domain,IP,CDN
geolocation.onetrust.com,172.64.155.119,CLOUDFLARENET
ae.nflximg.net1,23.205.22.93,AKAMAI-AS
ae.nflximg.net,23.205.22.93,AKAMAI-AS
cdn.cookielaw.org1,104.19.178.52,CLOUDFLARENET
cdn.cookielaw.org,104.19.178.52,CLOUDFLARENET
cdn.cookielaw.org2,104.19.177.52,CLOUDFLARENET
cdn.jsdelivr.net3,199.232.37.229,FASTLY
cdn.jsdelivr.net2,199.232.37.229,FASTLY
cdn.jsdelivr.net1,199.232.37.229,FASTLY
cdn.jsdelivr.net,199.232.37.229,FASTLY
static.licdn.com10,152.199.24.163,EDGECAST
static.licdn.com11,152.199.24.163,EDGECAST
platform.linkedin.com,23.44.133.55,AKAMAI-ASN1
static.licdn.com2,152.199.24.163,EDGECAST
static.licdn.com9,152.199.24.163,EDGECAST
static.licdn.com6,152.199.24.163,EDGECAST
static.licdn.com7,152.199.24.163,EDGECAST
static.licdn.com1,152.199.24.163,EDGECAST
static.licdn.com13,152.199.24.163,EDGECAST
static.licdn.com5,152.199.24.163,EDGECAST
static.licdn.com8,152.199.24.163,EDGECAST
static.licdn.com14,152.199.24.163,EDGECAST
static.licdn.com3,152.199.24.163,EDGECAST
static.licdn.com,152.199.24.163,EDGECAST
static.licdn.com12,152.199.24.163,EDGECAST
static.licdn.com4,152.199.24.163,EDGECAST
open.spotifycdn.com23,199.232.38.251,FASTLY
open.spotifycdn.com8,199.232.38.251,FASTLY
i.scdn.co12,199.232.38.248,FASTLY
web-sdk-assets.spotifycdn.com,199.232.38.250,FASTLY
open.spotifycdn.com15,199.232.38.251,FASTLY
geolocation.onetrust.com,172.64.155.119,CLOUDFLARENET
open.spotifycdn.com17,199.232.38.251,FASTLY
i.scdn.co20,199.232.38.248,FASTLY
seeded-session-images.scdn.co2,199.232.38.248,FASTLY
seeded-session-images.scdn.co1,199.232.38.248,FASTLY
i.scdn.co,199.232.38.248,FASTLY
i.scdn.co26,199.232.38.248,FASTLY
i.scdn.co19,199.232.38.248,FASTLY
open.spotifycdn.com24,199.232.38.251,FASTLY
open.spotifycdn.com16,199.232.38.251,FASTLY
cdn.cookielaw.org1,104.19.178.52,CLOUDFLARENET
i.scdn.co14,199.232.38.248,FASTLY
i.scdn.co24,199.232.38.248,FASTLY
i.scdn.co29,199.232.38.248,FASTLY
open.spotifycdn.com7,199.232.38.251,FASTLY
open.spotifycdn.com1,199.232.38.251,FASTLY
open.spotifycdn.com21,199.232.38.251,FASTLY
open.spotifycdn.com19,199.232.38.251,FASTLY
open.spotifycdn.com18,199.232.38.251,FASTLY
i.scdn.co2,199.232.38.248,FASTLY
i.scdn.co27,199.232.38.248,FASTLY
charts-images.scdn.co,199.232.38.248,FASTLY
i.scdn.co18,199.232.38.248,FASTLY
open.spotifycdn.com,199.232.38.251,FASTLY
i.scdn.co9,199.232.38.248,FASTLY
open.spotifycdn.com13,199.232.38.251,FASTLY
open.spotifycdn.com5,199.232.38.251,FASTLY
encore.scdn.co3,23.44.131.136,AKAMAI-ASN1
open.spotifycdn.com20,199.232.38.251,FASTLY
i.scdn.co1,199.232.38.248,FASTLY
open.spotifycdn.com4,199.232.38.251,FASTLY
i.scdn.co25,199.232.38.248,FASTLY
i.scdn.co15,199.232.38.248,FASTLY
open.spotifycdn.com2,199.232.38.251,FASTLY
o22381.ingest.sentry.io,34.120.195.249,GOOGLE-CLOUD-PLATFORM
i.scdn.co3,199.232.38.248,FASTLY
i.scdn.co16,199.232.38.248,FASTLY
charts-images.scdn.co2,199.232.38.248,FASTLY
cdn.cookielaw.org,104.19.177.52,CLOUDFLARENET
i.scdn.co22,199.232.38.248,FASTLY
i.scdn.co4,199.232.38.248,FASTLY
open.spotifycdn.com9,199.232.38.251,FASTLY
encore.scdn.co1,23.44.131.136,AKAMAI-ASN1
encore.scdn.co,23.44.131.136,AKAMAI-ASN1
i.scdn.co8,199.232.38.248,FASTLY
i.scdn.co6,199.232.38.248,FASTLY
i.scdn.co28,199.232.38.248,FASTLY
i.scdn.co23,199.232.38.248,FASTLY
cdn.cookielaw.org2,104.19.177.52,CLOUDFLARENET
open.spotifycdn.com6,199.232.38.251,FASTLY
i.scdn.co5,199.232.38.248,FASTLY
open.spotifycdn.com3,199.232.38.251,FASTLY
charts-images.scdn.co1,199.232.38.248,FASTLY
seeded-session-images.scdn.co,199.232.38.248,FASTLY
i.scdn.co11,199.232.38.248,FASTLY
open.spotifycdn.com22,199.232.38.251,FASTLY
i.scdn.co17,199.232.38.248,FASTLY
web-sdk-assets.spotifycdn.com1,199.232.38.250,FASTLY
open.spotifycdn.com14,199.232.38.251,FASTLY
open.spotifycdn.com12,199.232.38.251,FASTLY
i.scdn.co10,199.232.38.248,FASTLY
i.scdn.co13,199.232.38.248,FASTLY
open.spotifycdn.com11,199.232.38.251,FASTLY
i.scdn.co7,199.232.38.248,FASTLY
encore.scdn.co2,23.44.131.136,AKAMAI-ASN1
i.scdn.co21,199.232.38.248,FASTLY
open.spotifycdn.com10,199.232.38.251,FASTLY
github.githubassets.com86,185.199.109.154,FASTLY
github.githubassets.com52,185.199.109.154,FASTLY
github.githubassets.com43,185.199.108.154,FASTLY
avatars.githubusercontent.com6,185.199.108.133,FASTLY
github.githubassets.com41,185.199.111.154,FASTLY
github.githubassets.com13,185.199.108.154,FASTLY
github.githubassets.com77,185.199.110.154,FASTLY
github.githubassets.com22,185.199.109.154,FASTLY
github.githubassets.com74,185.199.110.154,FASTLY
github.githubassets.com1,185.199.109.154,FASTLY
github.githubassets.com21,185.199.108.154,FASTLY
avatars.githubusercontent.com13,185.199.108.133,FASTLY
github.githubassets.com,185.199.108.154,FASTLY
github.githubassets.com96,185.199.110.154,FASTLY
avatars.githubusercontent.com7,185.199.110.133,FASTLY
github.githubassets.com58,185.199.111.154,FASTLY
github.githubassets.com71,185.199.110.154,FASTLY
github.githubassets.com73,185.199.110.154,FASTLY
github.githubassets.com34,185.199.111.154,FASTLY
github.githubassets.com15,185.199.111.154,FASTLY
avatars.githubusercontent.com18,185.199.111.133,FASTLY
github.githubassets.com23,185.199.108.154,FASTLY
github.githubassets.com7,185.199.108.154,FASTLY
avatars.githubusercontent.com5,185.199.111.133,FASTLY
github.githubassets.com69,185.199.111.154,FASTLY
github.githubassets.com79,185.199.108.154,FASTLY
github.githubassets.com26,185.199.108.154,FASTLY
github.githubassets.com76,185.199.108.154,FASTLY
avatars.githubusercontent.com,185.199.111.133,FASTLY
github.githubassets.com35,185.199.109.154,FASTLY
github.githubassets.com29,185.199.111.154,FASTLY
github.githubassets.com2,185.199.109.154,FASTLY
github.githubassets.com94,185.199.108.154,FASTLY
avatars.githubusercontent.com21,185.199.109.133,FASTLY
github.githubassets.com62,185.199.110.154,FASTLY
github.githubassets.com54,185.199.109.154,FASTLY
github.githubassets.com8,185.199.109.154,FASTLY
github.githubassets.com59,185.199.109.154,FASTLY
github.githubassets.com51,185.199.109.154,FASTLY
github.githubassets.com64,185.199.108.154,FASTLY
github.githubassets.com11,185.199.110.154,FASTLY
github.githubassets.com30,185.199.108.154,FASTLY
github.githubassets.com66,185.199.109.154,FASTLY
github.githubassets.com42,185.199.108.154,FASTLY
github.githubassets.com32,185.199.108.154,FASTLY
avatars.githubusercontent.com12,185.199.109.133,FASTLY
github.githubassets.com31,185.199.110.154,FASTLY
github.githubassets.com12,185.199.109.154,FASTLY
avatars.githubusercontent.com11,185.199.109.133,FASTLY
github.githubassets.com63,185.199.108.154,FASTLY
github.githubassets.com90,185.199.110.154,FASTLY
github.githubassets.com98,185.199.110.154,FASTLY
github.githubassets.com44,185.199.109.154,FASTLY
github.githubassets.com40,185.199.110.154,FASTLY
github.githubassets.com53,185.199.109.154,FASTLY
github.githubassets.com33,185.199.108.154,FASTLY
avatars.githubusercontent.com10,185.199.111.133,FASTLY
github.githubassets.com5,185.199.110.154,FASTLY
github.githubassets.com27,185.199.109.154,FASTLY
github.githubassets.com49,185.199.110.154,FASTLY
github.githubassets.com14,185.199.109.154,FASTLY
avatars.githubusercontent.com19,185.199.109.133,FASTLY
github.githubassets.com80,185.199.108.154,FASTLY
github.githubassets.com85,185.199.109.154,FASTLY
github.githubassets.com61,185.199.111.154,FASTLY
github.githubassets.com87,185.199.108.154,FASTLY
github.githubassets.com70,185.199.111.154,FASTLY
github.githubassets.com10,185.199.110.154,FASTLY
github.githubassets.com93,185.199.110.154,FASTLY
github.githubassets.com91,185.199.111.154,FASTLY
github.githubassets.com99,185.199.108.154,FASTLY
github.githubassets.com47,185.199.109.154,FASTLY
avatars.githubusercontent.com20,185.199.110.133,FASTLY
avatars.githubusercontent.com8,185.199.111.133,FASTLY
github.githubassets.com72,185.199.110.154,FASTLY
github.githubassets.com84,185.199.111.154,FASTLY
github.githubassets.com65,185.199.111.154,FASTLY
avatars.githubusercontent.com14,185.199.109.133,FASTLY
avatars.githubusercontent.com3,185.199.111.133,FASTLY
github.githubassets.com17,185.199.109.154,FASTLY
github.githubassets.com89,185.199.108.154,FASTLY
github.githubassets.com67,185.199.108.154,FASTLY
github.githubassets.com48,185.199.110.154,FASTLY
github.githubassets.com83,185.199.110.154,FASTLY
github.githubassets.com56,185.199.109.154,FASTLY
github.githubassets.com95,185.199.111.154,FASTLY
github.githubassets.com19,185.199.110.154,FASTLY
github.githubassets.com92,185.199.111.154,FASTLY
github.githubassets.com78,185.199.111.154,FASTLY
github.githubassets.com60,185.199.111.154,FASTLY
github.githubassets.com37,185.199.111.154,FASTLY
github.githubassets.com57,185.199.108.154,FASTLY
github.githubassets.com18,185.199.108.154,FASTLY
avatars.githubusercontent.com17,185.199.108.133,FASTLY
github.githubassets.com28,185.199.111.154,FASTLY
avatars.githubusercontent.com16,185.199.108.133,FASTLY
github.githubassets.com20,185.199.108.154,FASTLY
github.githubassets.com97,185.199.110.154,FASTLY
github.githubassets.com38,185.199.109.154,FASTLY
avatars.githubusercontent.com2,185.199.108.133,FASTLY
github.githubassets.com45,185.199.110.154,FASTLY
avatars.githubusercontent.com4,185.199.110.133,FASTLY
github.githubassets.com9,185.199.111.154,FASTLY
github.githubassets.com16,185.199.111.154,FASTLY
avatars.githubusercontent.com1,185.199.109.133,FASTLY
avatars.githubusercontent.com9,185.199.109.133,FASTLY
github.githubassets.com25,185.199.110.154,FASTLY
github.githubassets.com75,185.199.108.154,FASTLY
github.githubassets.com39,185.199.110.154,FASTLY
github.githubassets.com88,185.199.108.154,FASTLY
github.githubassets.com50,185.199.109.154,FASTLY
github.githubassets.com3,185.199.110.154,FASTLY
github.githubassets.com55,185.199.108.154,FASTLY
github.githubassets.com81,185.199.110.154,FASTLY
github.githubassets.com68,185.199.109.154,FASTLY
github.githubassets.com36,185.199.111.154,FASTLY
github.githubassets.com4,185.199.110.154,FASTLY
github.githubassets.com6,185.199.108.154,FASTLY
github.githubassets.com24,185.199.109.154,FASTLY
github.githubassets.com82,185.199.111.154,FASTLY
avatars.githubusercontent.com15,185.199.109.133,FASTLY
github.githubassets.com46,185.199.110.154,FASTLY
m.media-amazon.com218,23.44.133.144,AKAMAI-ASN1
m.media-amazon.com45,23.44.133.153,AKAMAI-ASN1
m.media-amazon.com59,23.44.133.153,AKAMAI-ASN1
m.media-amazon.com184,23.44.133.153,AKAMAI-ASN1
m.media-amazon.com208,23.44.133.144,AKAMAI-ASN1
m.media-amazon.com207,23.44.133.144,AKAMAI-ASN1
m.media-amazon.com3,199.232.37.16,FASTLY
m.media-amazon.com159,23.44.133.144,AKAMAI-ASN1
images-na.ssl-images-amazon.com2,199.232.37.16,FASTLY
m.media-amazon.com28,23.44.133.153,AKAMAI-ASN1
m.media-amazon.com228,23.44.133.144,AKAMAI-ASN1
m.media-amazon.com79,23.44.133.144,AKAMAI-ASN1
m.media-amazon.com78,23.44.133.144,AKAMAI-ASN1
m.media-amazon.com44,23.44.133.153,AKAMAI-ASN1
m.media-amazon.com25,23.44.133.144,AKAMAI-ASN1
m.media-amazon.com209,23.44.133.153,AKAMAI-ASN1
m.media-amazon.com27,23.44.133.153,AKAMAI-ASN1
images-na.ssl-images-amazon.com22,23.44.133.153,AKAMAI-ASN1
m.media-amazon.com11,23.44.133.144,AKAMAI-ASN1
m.media-amazon.com211,23.44.133.153,AKAMAI-ASN1
m.media-amazon.com182,23.44.133.144,AKAMAI-ASN1
m.media-amazon.com60,23.44.133.144,AKAMAI-ASN1
m.media-amazon.com130,23.44.133.144,AKAMAI-ASN1
images-na.ssl-images-amazon.com35,23.44.133.153,AKAMAI-ASN1
m.media-amazon.com240,199.232.37.16,FASTLY
images-na.ssl-images-amazon.com20,23.44.133.144,AKAMAI-ASN1
m.media-amazon.com157,23.44.133.144,AKAMAI-ASN1
m.media-amazon.com70,23.44.133.144,AKAMAI-ASN1
m.media-amazon.com10,23.44.133.153,AKAMAI-ASN1
m.media-amazon.com81,23.44.133.153,AKAMAI-ASN1
images-na.ssl-images-amazon.com11,23.44.133.144,AKAMAI-ASN1
images-na.ssl-images-amazon.com9,23.44.133.153,AKAMAI-ASN1
m.media-amazon.com58,23.44.133.144,AKAMAI-ASN1
images-na.ssl-images-amazon.com23,23.44.133.153,AKAMAI-ASN1
m.media-amazon.com33,23.44.133.144,AKAMAI-ASN1
images-na.ssl-images-amazon.com21,23.44.133.144,AKAMAI-ASN1
m.media-amazon.com213,199.232.37.16,FASTLY
m.media-amazon.com212,199.232.37.16,FASTLY
m.media-amazon.com75,23.44.133.153,AKAMAI-ASN1
images-na.ssl-images-amazon.com19,23.44.133.153,AKAMAI-ASN1
m.media-amazon.com235,23.44.133.144,AKAMAI-ASN1
m.media-amazon.com129,23.44.133.153,AKAMAI-ASN1
m.media-amazon.com116,199.232.37.16,FASTLY
m.media-amazon.com5,199.232.37.16,FASTLY
m.media-amazon.com132,23.44.133.153,AKAMAI-ASN1
m.media-amazon.com31,23.44.133.144,AKAMAI-ASN1
m.media-amazon.com131,23.44.133.153,AKAMAI-ASN1
images-na.ssl-images-amazon.com7,23.44.133.144,AKAMAI-ASN1
m.media-amazon.com113,199.232.37.16,FASTLY
m.media-amazon.com158,23.44.133.153,AKAMAI-ASN1
m.media-amazon.com220,23.44.133.144,AKAMAI-ASN1
images-na.ssl-images-amazon.com8,23.44.133.153,AKAMAI-ASN1
m.media-amazon.com71,23.44.133.144,AKAMAI-ASN1
m.media-amazon.com227,23.44.133.144,AKAMAI-ASN1
images-na.ssl-images-amazon.com32,23.44.133.153,AKAMAI-ASN1
images-na.ssl-images-amazon.com17,23.44.133.153,AKAMAI-ASN1
m.media-amazon.com181,23.44.133.153,AKAMAI-ASN1
m.media-amazon.com156,23.44.133.144,AKAMAI-ASN1
m.media-amazon.com42,23.44.133.144,AKAMAI-ASN1
m.media-amazon.com221,23.44.133.144,AKAMAI-ASN1
images-na.ssl-images-amazon.com34,23.44.133.153,AKAMAI-ASN1
m.media-amazon.com32,23.44.133.144,AKAMAI-ASN1
m.media-amazon.com46,23.44.133.153,AKAMAI-ASN1
m.media-amazon.com29,23.44.133.144,AKAMAI-ASN1
m.media-amazon.com155,23.44.133.144,AKAMAI-ASN1
m.media-amazon.com236,199.232.37.16,FASTLY
m.media-amazon.com167,199.232.37.16,FASTLY
m.media-amazon.com128,23.44.133.144,AKAMAI-ASN1
m.media-amazon.com13,23.44.133.144,AKAMAI-ASN1
m.media-amazon.com133,23.44.133.153,AKAMAI-ASN1
images-na.ssl-images-amazon.com4,23.44.133.144,AKAMAI-ASN1
m.media-amazon.com24,23.44.133.153,AKAMAI-ASN1
m.media-amazon.com232,23.44.133.144,AKAMAI-ASN1
m.media-amazon.com237,199.232.37.16,FASTLY
m.media-amazon.com183,23.44.133.153,AKAMAI-ASN1
m.media-amazon.com73,23.44.133.153,AKAMAI-ASN1
m.media-amazon.com69,23.44.133.144,AKAMAI-ASN1
images-na.ssl-images-amazon.com31,23.44.133.153,AKAMAI-ASN1
m.media-amazon.com43,23.44.133.153,AKAMAI-ASN1
m.media-amazon.com185,23.44.133.144,AKAMAI-ASN1
m.media-amazon.com68,23.44.133.153,AKAMAI-ASN1
m.media-amazon.com4,199.232.37.16,FASTLY
m.media-amazon.com165,199.232.37.16,FASTLY
m.media-amazon.com30,23.44.133.144,AKAMAI-ASN1
m.media-amazon.com62,23.44.133.153,AKAMAI-ASN1
m.media-amazon.com47,23.44.133.144,AKAMAI-ASN1
m.media-amazon.com168,199.232.37.16,FASTLY
m.media-amazon.com166,199.232.37.16,FASTLY
m.media-amazon.com74,23.44.133.153,AKAMAI-ASN1
m.media-amazon.com61,23.44.133.153,AKAMAI-ASN1
m.media-amazon.com210,23.44.133.153,AKAMAI-ASN1
m.media-amazon.com154,23.44.133.153,AKAMAI-ASN1
m.media-amazon.com233,23.44.133.153,AKAMAI-ASN1
m.media-amazon.com222,23.44.133.144,AKAMAI-ASN1
images-na.ssl-images-amazon.com18,23.44.133.153,AKAMAI-ASN1
m.media-amazon.com76,23.44.133.144,AKAMAI-ASN1
m.media-amazon.com12,23.44.133.153,AKAMAI-ASN1
m.media-amazon.com214,199.232.37.16,FASTLY
images-na.ssl-images-amazon.com33,23.44.133.144,AKAMAI-ASN1
m.media-amazon.com241,199.232.37.16,FASTLY
m.media-amazon.com206,23.44.133.144,AKAMAI-ASN1
m.media-amazon.com169,199.232.37.16,FASTLY
m.media-amazon.com242,199.232.37.16,FASTLY
m.media-amazon.com83,23.44.133.144,AKAMAI-ASN1
m.media-amazon.com80,23.44.133.153,AKAMAI-ASN1
m.media-amazon.com77,23.44.133.144,AKAMAI-ASN1
m.media-amazon.com219,23.44.133.153,AKAMAI-ASN1
m.media-amazon.com217,23.44.133.153,AKAMAI-ASN1
m.media-amazon.com48,23.44.133.144,AKAMAI-ASN1
m.media-amazon.com114,199.232.37.16,FASTLY
m.media-amazon.com180,23.44.133.153,AKAMAI-ASN1
m.media-amazon.com115,199.232.37.16,FASTLY
m.media-amazon.com72,23.44.133.153,AKAMAI-ASN1
m.media-amazon.com215,199.232.37.16,FASTLY
m.media-amazon.com234,23.44.133.153,AKAMAI-ASN1
m.media-amazon.com82,23.44.133.144,AKAMAI-ASN1
m.media-amazon.com26,23.44.133.144,AKAMAI-ASN1
images-na.ssl-images-amazon.com5,23.44.133.144,AKAMAI-ASN1
images-na.ssl-images-amazon.com3,199.232.37.16,FASTLY
m.media-amazon.com117,199.232.37.16,FASTLY
assets.bonad.io,23.60.1.142,AKAMAI-AS
static.cdn-expressen.se5,23.60.1.142,AKAMAI-AS
di.se13,34.117.105.189,GOOGLE-CLOUD-PLATFORM
cached-images.bonnier.news6,23.60.1.142,AKAMAI-AS
cached-images.bonnier.news25,23.60.1.142,AKAMAI-AS
di.se7,34.117.105.189,GOOGLE-CLOUD-PLATFORM
di.se8,34.117.105.189,GOOGLE-CLOUD-PLATFORM
cached-images.bonnier.news14,23.60.1.142,AKAMAI-AS
cached-images.bonnier.news11,23.60.1.142,AKAMAI-AS
di.se1,34.117.105.189,GOOGLE-CLOUD-PLATFORM
cached-images.bonnier.news1,23.60.1.142,AKAMAI-AS
di.se6,34.117.105.189,GOOGLE-CLOUD-PLATFORM
cached-images.bonnier.news21,23.60.1.142,AKAMAI-AS
cached-images.bonnier.news17,23.60.1.142,AKAMAI-AS
cached-images.bonnier.news13,23.60.1.142,AKAMAI-AS
di.se12,34.117.105.189,GOOGLE-CLOUD-PLATFORM
cached-images.bonnier.news18,23.60.1.142,AKAMAI-AS
cached-images.bonnier.news22,23.60.1.142,AKAMAI-AS
static.cdn-expressen.se1,23.60.1.142,AKAMAI-AS
cached-images.bonnier.news23,23.60.1.142,AKAMAI-AS
static.cdn-expressen.se2,23.60.1.142,AKAMAI-AS
cached-images.bonnier.news2,23.60.1.142,AKAMAI-AS
cached-images.bonnier.news10,23.60.1.142,AKAMAI-AS
cached-images.bonnier.news26,23.60.1.142,AKAMAI-AS
cached-images.bonnier.news24,23.60.1.142,AKAMAI-AS
static.cdn-expressen.se4,23.60.1.142,AKAMAI-AS
di.se11,34.117.105.189,GOOGLE-CLOUD-PLATFORM
cached-images.bonnier.news9,23.60.1.142,AKAMAI-AS
cached-images.bonnier.news5,23.60.1.142,AKAMAI-AS
di.se,34.117.105.189,GOOGLE-CLOUD-PLATFORM
di.se2,34.117.105.189,GOOGLE-CLOUD-PLATFORM
di.se10,34.117.105.189,GOOGLE-CLOUD-PLATFORM
cached-images.bonnier.news12,23.60.1.142,AKAMAI-AS
static.cdn-expressen.se,23.60.1.142,AKAMAI-AS
tracking.di.se,34.117.133.19,GOOGLE-CLOUD-PLATFORM
cached-images.bonnier.news19,23.60.1.142,AKAMAI-AS
cached-images.bonnier.news20,23.60.1.142,AKAMAI-AS
cached-images.bonnier.news3,23.60.1.142,AKAMAI-AS
di.se9,34.117.105.189,GOOGLE-CLOUD-PLATFORM
cached-images.bonnier.news4,23.60.1.142,AKAMAI-AS
cached-images.bonnier.news7,23.60.1.142,AKAMAI-AS
static.cdn-expressen.se3,23.60.1.142,AKAMAI-AS
di.se4,34.117.105.189,GOOGLE-CLOUD-PLATFORM
di.se3,34.117.105.189,GOOGLE-CLOUD-PLATFORM
cached-images.bonnier.news16,23.60.1.142,AKAMAI-AS
cached-images.bonnier.news27,23.60.1.142,AKAMAI-AS
cached-images.bonnier.news8,23.60.1.142,AKAMAI-AS
di.se5,34.117.105.189,GOOGLE-CLOUD-PLATFORM
static.cdn-expressen.se6,23.60.1.142,AKAMAI-AS
cached-images.bonnier.news15,23.60.1.142,AKAMAI-AS
cached-images.bonnier.news,23.60.1.142,AKAMAI-AS
js-agent.newrelic.com1,162.247.243.39,FASTLY
js-agent.newrelic.com,162.247.243.39,FASTLY
pandas.pydata.org9,104.26.0.204,CLOUDFLARENET
pandas.pydata.org3,172.67.71.236,CLOUDFLARENET
pandas.pydata.org,104.26.1.204,CLOUDFLARENET
cdn.jsdelivr.net3,199.232.37.229,FASTLY
pandas.pydata.org12,104.26.0.204,CLOUDFLARENET
pandas.pydata.org5,104.26.1.204,CLOUDFLARENET
pandas.pydata.org1,104.26.0.204,CLOUDFLARENET
pandas.pydata.org10,104.26.1.204,CLOUDFLARENET
pandas.pydata.org13,104.26.0.204,CLOUDFLARENET
cdn.jsdelivr.net2,199.232.37.229,FASTLY
pandas.pydata.org11,104.26.0.204,CLOUDFLARENET
pandas.pydata.org8,104.26.1.204,CLOUDFLARENET
cdn.jsdelivr.net1,199.232.37.229,FASTLY
cdn.jsdelivr.net,199.232.37.229,FASTLY
pandas.pydata.org4,104.26.0.204,CLOUDFLARENET
pandas.pydata.org2,104.26.0.204,CLOUDFLARENET
pandas.pydata.org15,172.67.71.236,CLOUDFLARENET
pandas.pydata.org7,104.26.1.204,CLOUDFLARENET
pandas.pydata.org6,172.67.71.236,CLOUDFLARENET
pandas.pydata.org14,104.26.1.204,CLOUDFLARENET
notion.so34,172.64.148.154,CLOUDFLARENET
notion.so13,104.18.39.102,CLOUDFLARENET
notion.so44,172.64.148.154,CLOUDFLARENET
notion.so15,104.18.39.102,CLOUDFLARENET
notion.so28,104.18.39.102,CLOUDFLARENET
notion.so37,172.64.148.154,CLOUDFLARENET
notion.so66,104.18.39.102,CLOUDFLARENET
notion.so26,172.64.148.154,CLOUDFLARENET
notion.so47,172.64.148.154,CLOUDFLARENET
notion.so38,104.18.39.102,CLOUDFLARENET
notion.so62,172.64.148.154,CLOUDFLARENET
notion.so58,172.64.148.154,CLOUDFLARENET
notion.so67,172.64.148.154,CLOUDFLARENET
notion.so42,104.18.39.102,CLOUDFLARENET
notion.so23,172.64.148.154,CLOUDFLARENET
notion.so4,172.64.148.154,CLOUDFLARENET
notion.so74,172.64.148.154,CLOUDFLARENET
notion.so71,172.64.148.154,CLOUDFLARENET
notion.so78,104.18.39.102,CLOUDFLARENET
notion.so72,172.64.148.154,CLOUDFLARENET
notion.so75,104.18.39.102,CLOUDFLARENET
notion.so6,172.64.148.154,CLOUDFLARENET
notion.so5,172.64.148.154,CLOUDFLARENET
notion.so36,172.64.148.154,CLOUDFLARENET
notion.so10,172.64.148.154,CLOUDFLARENET
notion.so49,172.64.148.154,CLOUDFLARENET
notion.so33,172.64.148.154,CLOUDFLARENET
notion.so55,172.64.148.154,CLOUDFLARENET
notion.so20,104.18.39.102,CLOUDFLARENET
notion.so21,104.18.39.102,CLOUDFLARENET
notion.so17,104.18.39.102,CLOUDFLARENET
notion.so39,172.64.148.154,CLOUDFLARENET
notion.so9,104.18.39.102,CLOUDFLARENET
exp.notion.so4,104.18.39.102,CLOUDFLARENET
notion.so19,172.64.148.154,CLOUDFLARENET
notion.so25,104.18.39.102,CLOUDFLARENET
notion.so52,104.18.39.102,CLOUDFLARENET
notion.so64,172.64.148.154,CLOUDFLARENET
exp.notion.so1,172.64.148.154,CLOUDFLARENET
notion.so35,104.18.39.102,CLOUDFLARENET
notion.so31,172.64.148.154,CLOUDFLARENET
notion.so76,104.18.39.102,CLOUDFLARENET
notion.so43,172.64.148.154,CLOUDFLARENET
notion.so63,172.64.148.154,CLOUDFLARENET
notion.so27,104.18.39.102,CLOUDFLARENET
notion.so73,104.18.39.102,CLOUDFLARENET
exp.notion.so6,172.64.148.154,CLOUDFLARENET
transcend-cdn.com,172.66.40.196,CLOUDFLARENET
notion.so59,104.18.39.102,CLOUDFLARENET
notion.so30,104.18.39.102,CLOUDFLARENET
o324374.ingest.sentry.io,34.120.195.249,GOOGLE-CLOUD-PLATFORM
notion.so57,172.64.148.154,CLOUDFLARENET
notion.so65,172.64.148.154,CLOUDFLARENET
notion.so70,172.64.148.154,CLOUDFLARENET
exp.notion.so5,172.64.148.154,CLOUDFLARENET
notion.so48,172.64.148.154,CLOUDFLARENET
exp.notion.so2,104.18.39.102,CLOUDFLARENET
notion.so45,104.18.39.102,CLOUDFLARENET
notion.so61,172.64.148.154,CLOUDFLARENET
notion.so50,104.18.39.102,CLOUDFLARENET
notion.so40,172.64.148.154,CLOUDFLARENET
notion.so32,172.64.148.154,CLOUDFLARENET
notion.so7,172.64.148.154,CLOUDFLARENET
notion.so11,104.18.39.102,CLOUDFLARENET
notion.so14,104.18.39.102,CLOUDFLARENET
notion.so46,172.64.148.154,CLOUDFLARENET
notion.so3,172.64.148.154,CLOUDFLARENET
notion.so60,172.64.148.154,CLOUDFLARENET
exp.notion.so,104.18.39.102,CLOUDFLARENET
notion.so29,172.64.148.154,CLOUDFLARENET
notion.so2,104.18.39.102,CLOUDFLARENET
notion.so54,104.18.39.102,CLOUDFLARENET
notion.so1,104.18.39.102,CLOUDFLARENET
exp.notion.so3,104.18.39.102,CLOUDFLARENET
notion.so16,104.18.39.102,CLOUDFLARENET
notion.so68,172.64.148.154,CLOUDFLARENET
notion.so8,172.64.148.154,CLOUDFLARENET
exp.notion.so8,104.18.39.102,CLOUDFLARENET
notion.so18,104.18.39.102,CLOUDFLARENET
notion.so12,172.64.148.154,CLOUDFLARENET
notion.so22,104.18.39.102,CLOUDFLARENET
notion.so77,104.18.39.102,CLOUDFLARENET
notion.so41,104.18.39.102,CLOUDFLARENET
notion.so51,104.18.39.102,CLOUDFLARENET
notion.so24,104.18.39.102,CLOUDFLARENET
notion.so69,172.64.148.154,CLOUDFLARENET
notion.so53,104.18.39.102,CLOUDFLARENET
notion.so,104.18.39.102,CLOUDFLARENET
notion.so56,104.18.39.102,CLOUDFLARENET
exp.notion.so7,172.64.148.154,CLOUDFLARENET
api.dineoncampus.com5,104.26.8.15,CLOUDFLARENET
dineoncampus.com,104.26.9.15,CLOUDFLARENET
api.dineoncampus.com,104.26.8.15,CLOUDFLARENET
dineoncampus.com7,172.67.69.131,CLOUDFLARENET
dineoncampus.com10,104.26.9.15,CLOUDFLARENET
api.dineoncampus.com4,104.26.8.15,CLOUDFLARENET
api.dineoncampus.com8,104.26.9.15,CLOUDFLARENET
hello.myfonts.net,104.18.208.173,CLOUDFLARENET
dineoncampus.com1,172.67.69.131,CLOUDFLARENET
dineoncampus.com5,104.26.9.15,CLOUDFLARENET
dineoncampus.com15,172.67.69.131,CLOUDFLARENET
api.dineoncampus.com10,104.26.8.15,CLOUDFLARENET
dineoncampus.com9,104.26.9.15,CLOUDFLARENET
dineoncampus.com2,104.26.9.15,CLOUDFLARENET
api.dineoncampus.com9,172.67.69.131,CLOUDFLARENET
api.dineoncampus.com6,172.67.69.131,CLOUDFLARENET
dineoncampus.com12,172.67.69.131,CLOUDFLARENET
dineoncampus.com13,104.26.9.15,CLOUDFLARENET
dineoncampus.com6,104.26.8.15,CLOUDFLARENET
dineoncampus.com11,104.26.9.15,CLOUDFLARENET
dineoncampus.com8,172.67.69.131,CLOUDFLARENET
dineoncampus.com16,172.67.69.131,CLOUDFLARENET
api.dineoncampus.com2,104.26.8.15,CLOUDFLARENET
api.dineoncampus.com7,104.26.8.15,CLOUDFLARENET
dineoncampus.com14,104.26.8.15,CLOUDFLARENET
api.dineoncampus.com3,172.67.69.131,CLOUDFLARENET
api.dineoncampus.com1,104.26.8.15,CLOUDFLARENET
dineoncampus.com4,104.26.8.15,CLOUDFLARENET
dineoncampus.com3,104.26.8.15,CLOUDFLARENET
g.fp.ps.netease.com4,23.205.20.151,AKAMAI-AS
g.fp.ps.netease.com9,23.205.20.151,AKAMAI-AS
g.fp.ps.netease.com8,23.205.20.151,AKAMAI-AS
g.fp.ps.netease.com1,23.205.20.151,AKAMAI-AS
g.fp.ps.netease.com2,23.205.20.151,AKAMAI-AS
g.fp.ps.netease.com14,23.205.20.151,AKAMAI-AS
g.fp.ps.netease.com18,23.205.20.151,AKAMAI-AS
g.fp.ps.netease.com5,23.205.20.151,AKAMAI-AS
g.fp.ps.netease.com13,23.205.20.151,AKAMAI-AS
g.fp.ps.netease.com6,23.205.20.151,AKAMAI-AS
g.fp.ps.netease.com,23.205.20.151,AKAMAI-AS
g.fp.ps.netease.com17,23.205.20.151,AKAMAI-AS
g.fp.ps.netease.com12,23.205.20.151,AKAMAI-AS
g.fp.ps.netease.com7,23.205.20.151,AKAMAI-AS
g.fp.ps.netease.com15,23.205.20.151,AKAMAI-AS
g.fp.ps.netease.com16,23.205.20.151,AKAMAI-AS
g.fp.ps.netease.com3,23.205.20.151,AKAMAI-AS
g.fp.ps.netease.com11,23.205.20.151,AKAMAI-AS
g.fp.ps.netease.com10,23.205.20.151,AKAMAI-AS
cdn.oaistatic.com15,172.64.146.98,CLOUDFLARENET
ab.chatgpt.com1,172.64.155.141,CLOUDFLARENET
chat.openai.com10,104.18.37.228,CLOUDFLARENET
cdn.oaistatic.com6,104.18.41.158,CLOUDFLARENET
cdn.oaistatic.com5,172.64.146.98,CLOUDFLARENET
chat.openai.com8,104.18.37.228,CLOUDFLARENET
chat.openai.com15,104.18.37.228,CLOUDFLARENET
chat.openai.com3,172.64.150.28,CLOUDFLARENET
ab.chatgpt.com4,104.18.32.115,CLOUDFLARENET
cdn.oaistatic.com9,172.64.146.98,CLOUDFLARENET
ab.chatgpt.com7,172.64.155.141,CLOUDFLARENET
cdn.oaistatic.com13,172.64.146.98,CLOUDFLARENET
ab.chatgpt.com5,172.64.155.141,CLOUDFLARENET
cdn.oaistatic.com12,172.64.146.98,CLOUDFLARENET
chat.openai.com1,172.64.150.28,CLOUDFLARENET
chat.openai.com6,104.18.37.228,CLOUDFLARENET
chat.openai.com14,172.64.150.28,CLOUDFLARENET
cdn.oaistatic.com3,172.64.146.98,CLOUDFLARENET
cdn.oaistatic.com4,172.64.146.98,CLOUDFLARENET
ab.chatgpt.com3,104.18.32.115,CLOUDFLARENET
chat.openai.com9,104.18.37.228,CLOUDFLARENET
chat.openai.com2,172.64.150.28,CLOUDFLARENET
cdn.oaistatic.com8,172.64.146.98,CLOUDFLARENET
cdn.oaistatic.com14,172.64.146.98,CLOUDFLARENET
chat.openai.com11,104.18.37.228,CLOUDFLARENET
cdn.oaistatic.com11,104.18.41.158,CLOUDFLARENET
ab.chatgpt.com,172.64.155.141,CLOUDFLARENET
ab.chatgpt.com2,172.64.155.141,CLOUDFLARENET
chat.openai.com12,104.18.37.228,CLOUDFLARENET
chat.openai.com7,104.18.37.228,CLOUDFLARENET
chat.openai.com13,172.64.150.28,CLOUDFLARENET
cdn.oaistatic.com10,104.18.41.158,CLOUDFLARENET
ab.chatgpt.com6,172.64.155.141,CLOUDFLARENET
cdn.oaistatic.com7,172.64.146.98,CLOUDFLARENET
chat.openai.com5,172.64.150.28,CLOUDFLARENET
cdn.oaistatic.com1,104.18.41.158,CLOUDFLARENET
chat.openai.com,104.18.37.228,CLOUDFLARENET
chat.openai.com4,172.64.150.28,CLOUDFLARENET
cdn.oaistatic.com2,172.64.146.98,CLOUDFLARENET
cdn.oaistatic.com,104.18.41.158,CLOUDFLARENET
