Domain,IP,ASName
facebook.com1,31.13.71.36,FACEBOOK
geolocation.onetrust.com,172.64.155.119,CLOUDFLARENET
assets.nflxext.com4,45.57.91.1,NETFLIX-ASN
assets.nflxext.com1,45.57.90.1,NETFLIX-ASN
ae.nflximg.net1,23.205.22.93,AKAMAI-AS
assets.nflxext.com5,45.57.90.1,NETFLIX-ASN
ae.nflximg.net,23.205.22.93,AKAMAI-AS
assets.nflxext.com12,45.57.91.1,NETFLIX-ASN
cdn.cookielaw.org1,104.19.178.52,CLOUDFLARENET
assets.nflxext.com14,45.57.90.1,AS-SSI
googletagmanager.com,142.251.40.200,GOOGLE
ichnaea-web.netflix.com1,18.224.245.197,AMAZON-02
logs.netflix.com1,18.223.242.221,AMAZON-02
ichnaea-web.netflix.com,3.133.74.206,AMAZON-02
netflix.com2,3.225.92.8,AMAZON-AES
logs.netflix.com4,18.223.242.221,AMAZON-02
logs.netflix.com3,3.133.193.154,AMAZON-02
cdn.cookielaw.org,104.19.178.52,CLOUDFLARENET
facebook.com,31.13.71.36,FACEBOOK
assets.nflxext.com6,45.57.91.1,NETFLIX-ASN
assets.nflxext.com7,45.57.91.1,AS-SSI
assets.nflxext.com8,45.57.90.1,NETFLIX-ASN
assets.nflxext.com,45.57.91.1,NETFLIX-ASN
assets.nflxext.com9,45.57.90.1,NETFLIX-ASN
cdn.cookielaw.org2,104.19.177.52,CLOUDFLARENET
logs.netflix.com2,3.133.193.154,AMAZON-02
netflix.com1,54.160.93.182,AMAZON-AES
assets.nflxext.com13,45.57.90.1,NETFLIX-ASN
assets.nflxext.com15,45.57.91.1,NETFLIX-ASN
assets.nflxext.com2,45.57.91.1,NETFLIX-ASN
assets.nflxext.com3,45.57.91.1,AS-SSI
logs.netflix.com,18.223.242.221,AMAZON-02
netflix.com,54.160.93.182,AMAZON-AES
assets.nflxext.com10,45.57.90.1,AS-SSI
assets.nflxext.com11,45.57.90.1,NETFLIX-ASN
occ-0-1948-444.1.nflxso.net,199.109.99.18,NYSERNET-BLK
ssl.gstatic.com45,142.250.81.227,GOOGLE
lh3.google.com,172.217.165.142,GOOGLE
waa-pa.clients6.google.com,142.251.32.106,GOOGLE
play.google.com,142.250.65.206,GOOGLE
ssl.gstatic.com7,142.250.81.227,GOOGLE
play.google.com4,142.250.65.206,GOOGLE
ssl.gstatic.com30,142.250.81.227,GOOGLE
ssl.gstatic.com12,142.250.81.227,GOOGLE
apis.google.com2,142.250.64.78,GOOGLE
fonts.gstatic.com2,142.250.80.67,GOOGLE
ssl.gstatic.com47,142.250.81.227,GOOGLE
ssl.gstatic.com17,142.250.81.227,GOOGLE
fonts.gstatic.com4,142.250.80.67,GOOGLE
docs.google.com6,142.250.72.110,GOOGLE
docs.google.com,142.250.72.110,GOOGLE
docs.google.com8,142.250.72.110,GOOGLE
fonts.gstatic.com,142.250.80.67,GOOGLE
docs.google.com1,142.250.72.110,GOOGLE
docs.google.com5,142.250.72.110,GOOGLE
gstatic.com,142.251.32.99,GOOGLE
clients6.google.com,142.251.40.238,GOOGLE
ssl.gstatic.com31,142.250.81.227,GOOGLE
gstatic.com3,142.251.32.99,GOOGLE
ssl.gstatic.com56,142.250.81.227,GOOGLE
ssl.gstatic.com24,142.250.81.227,GOOGLE
clients6.google.com2,142.251.40.238,GOOGLE
docs.google.com13,142.250.72.110,GOOGLE
ssl.gstatic.com5,142.250.81.227,GOOGLE
docs.google.com11,142.250.72.110,GOOGLE
ogads-pa.clients6.google.com,142.250.81.234,GOOGLE
ssl.gstatic.com27,142.250.81.227,GOOGLE
ssl.gstatic.com22,142.250.81.227,GOOGLE
ssl.gstatic.com19,142.250.81.227,GOOGLE
lh3.googleusercontent.com,142.251.32.97,GOOGLE
apis.google.com,142.250.64.78,GOOGLE
ssl.gstatic.com46,142.250.81.227,GOOGLE
ssl.gstatic.com2,142.250.81.227,GOOGLE
ssl.gstatic.com44,142.250.81.227,GOOGLE
ssl.gstatic.com57,142.250.81.227,GOOGLE
ssl.gstatic.com48,142.250.81.227,GOOGLE
ssl.gstatic.com18,142.250.81.227,GOOGLE
docs.google.com12,142.250.72.110,GOOGLE
ssl.gstatic.com23,142.250.81.227,GOOGLE
ssl.gstatic.com14,142.250.81.227,GOOGLE
gstatic.com1,142.251.32.99,GOOGLE
ssl.gstatic.com4,142.250.81.227,GOOGLE
ssl.gstatic.com42,142.250.81.227,GOOGLE
google.com,142.250.80.78,GOOGLE
accounts.google.com,142.251.16.84,GOOGLE
clients6.google.com5,142.251.40.238,GOOGLE
clients6.google.com1,142.251.40.238,GOOGLE
ssl.gstatic.com21,142.250.81.227,GOOGLE
docs.google.com4,142.250.72.110,GOOGLE
apis.google.com1,142.250.64.78,GOOGLE
ssl.gstatic.com54,142.250.81.227,GOOGLE
ssl.gstatic.com49,142.250.81.227,GOOGLE
signaler-pa.clients6.google.com,142.251.32.106,GOOGLE
ssl.gstatic.com25,142.250.81.227,GOOGLE
ssl.gstatic.com,142.250.81.227,GOOGLE
docs.google.com2,142.250.72.110,GOOGLE
ssl.gstatic.com50,142.250.81.227,GOOGLE
ssl.gstatic.com32,142.250.81.227,GOOGLE
ssl.gstatic.com52,142.250.81.227,GOOGLE
ssl.gstatic.com59,142.250.81.227,GOOGLE
docs.google.com14,142.250.72.110,GOOGLE
docs.google.com3,142.250.72.110,GOOGLE
fonts.gstatic.com1,142.250.80.67,GOOGLE
ssl.gstatic.com51,142.250.81.227,GOOGLE
ssl.gstatic.com6,142.250.81.227,GOOGLE
ssl.gstatic.com36,142.250.81.227,GOOGLE
ssl.gstatic.com20,142.250.81.227,GOOGLE
fonts.googleapis.com,142.250.176.202,GOOGLE
ssl.gstatic.com1,142.250.81.227,GOOGLE
ssl.gstatic.com58,142.250.81.227,GOOGLE
docs.google.com9,142.250.72.110,GOOGLE
ssl.gstatic.com28,142.250.81.227,GOOGLE
ssl.gstatic.com43,142.250.81.227,GOOGLE
ssl.gstatic.com9,142.250.81.227,GOOGLE
ssl.gstatic.com16,142.250.81.227,GOOGLE
ssl.gstatic.com38,142.250.81.227,GOOGLE
play.google.com1,142.250.65.206,GOOGLE
clients6.google.com4,142.251.40.238,GOOGLE
ssl.gstatic.com13,142.250.81.227,GOOGLE
clients6.google.com3,142.251.40.238,GOOGLE
play.google.com3,142.250.65.206,GOOGLE
docs.google.com10,142.250.72.110,GOOGLE
ssl.gstatic.com39,142.250.81.227,GOOGLE
ssl.gstatic.com34,142.250.81.227,GOOGLE
play.google.com2,142.250.65.206,GOOGLE
ssl.gstatic.com53,142.250.81.227,GOOGLE
docs.google.com7,142.250.72.110,GOOGLE
fonts.gstatic.com5,142.250.80.67,GOOGLE
ssl.gstatic.com11,142.250.81.227,GOOGLE
ssl.gstatic.com29,142.250.81.227,GOOGLE
ssl.gstatic.com10,142.250.81.227,GOOGLE
ssl.gstatic.com40,142.250.81.227,GOOGLE
fonts.gstatic.com3,142.250.80.67,GOOGLE
ssl.gstatic.com15,142.250.81.227,GOOGLE
docs.google.com15,142.250.72.110,GOOGLE
ssl.gstatic.com35,142.250.81.227,GOOGLE
ssl.gstatic.com37,142.250.81.227,GOOGLE
gstatic.com2,142.251.32.99,GOOGLE
ssl.gstatic.com41,142.250.81.227,GOOGLE
play.google.com6,142.250.65.206,GOOGLE
ssl.gstatic.com3,142.250.81.227,GOOGLE
ssl.gstatic.com55,142.250.81.227,GOOGLE
ssl.gstatic.com8,142.250.81.227,GOOGLE
ssl.gstatic.com33,142.250.81.227,GOOGLE
ssl.gstatic.com26,142.250.81.227,GOOGLE
waa-pa.clients6.google.com1,142.251.40.106,GOOGLE
play.google.com5,142.250.65.206,GOOGLE
moodle.colgate.edu4,44.195.107.51,AMAZON-AES
moodle.colgate.edu2,44.195.107.51,AMAZON-AES
moodle.colgate.edu9,44.195.107.51,AMAZON-AES
moodle.colgate.edu1,44.195.107.51,AMAZON-AES
moodle.colgate.edu16,54.87.198.165,AMAZON-AES
moodle.colgate.edu13,44.195.107.51,AMAZON-AES
cdn.jsdelivr.net3,199.232.37.229,FASTLY
moodle.colgate.edu14,44.195.107.51,AMAZON-AES
moodle.colgate.edu11,44.195.107.51,AMAZON-AES
moodle.colgate.edu7,44.195.107.51,AMAZON-AES
moodle.colgate.edu5,54.87.198.165,AMAZON-AES
moodle.colgate.edu10,44.195.107.51,AMAZON-AES
cdn.jsdelivr.net2,199.232.37.229,FASTLY
moodle.colgate.edu12,44.195.107.51,AMAZON-AES
ajax.googleapis.com,142.250.80.74,GOOGLE
moodle.colgate.edu8,54.87.198.165,AMAZON-AES
moodle.colgate.edu18,44.195.107.51,AMAZON-AES
cdn.jsdelivr.net1,199.232.37.229,FASTLY
moodle.colgate.edu6,54.87.198.165,AMAZON-AES
cdn.jsdelivr.net,199.232.37.229,FASTLY
moodle.colgate.edu3,44.195.107.51,AMAZON-AES
moodle.colgate.edu17,54.87.198.165,AMAZON-AES
moodle.colgate.edu,54.87.198.165,AMAZON-AES
moodle.colgate.edu15,54.87.198.165,AMAZON-AES
cdn.turnitin.com,18.238.49.116,AMAZON-02
cdn.gradescope.com58,18.238.49.7,AMAZON-02
sessions.bugsnag.com,35.190.88.7,GOOGLE
cdn.gradescope.com43,18.238.49.7,AMAZON-02
cdn.gradescope.com44,18.238.49.17,AMAZON-02
gradescope.com1,44.233.22.27,AMAZON-02
cdn.gradescope.com52,18.238.49.17,AMAZON-02
gradescope-static-assets.s3.amazonaws.com7,52.92.163.89,AMAZON-02
cdn.gradescope.com20,18.238.49.67,AMAZON-02
web-sdk.aptrinsic.com,35.190.35.221,GOOGLE
cdn.gradescope.com,18.238.49.67,AMAZON-02
gradescope-static-assets.s3.amazonaws.com8,52.92.152.185,AMAZON-02
cdn.gradescope.com7,18.238.49.7,AMAZON-02
gradescope-static-assets.s3.amazonaws.com2,52.92.160.185,AMAZON-02
cdn.gradescope.com29,18.238.49.7,AMAZON-02
cdn.gradescope.com35,18.238.49.17,AMAZON-02
cdn.gradescope.com57,18.238.49.67,AMAZON-02
cdn.gradescope.com15,18.238.49.7,AMAZON-02
gradescope-static-assets.s3.amazonaws.com1,52.92.208.41,AMAZON-02
cdn.gradescope.com11,18.238.49.35,AMAZON-02
cdn.gradescope.com36,18.238.49.7,AMAZON-02
cdn.gradescope.com24,18.238.49.17,AMAZON-02
googletagmanager.com,142.251.40.200,GOOGLE
cdn.gradescope.com37,18.238.49.67,AMAZON-02
cdn.gradescope.com39,18.238.49.35,AMAZON-02
gradescope-static-assets.s3.amazonaws.com3,52.218.181.59,AMAZON-02
cdn.gradescope.com9,18.238.49.17,AMAZON-02
gradescope-static-assets.s3.amazonaws.com9,52.92.206.41,AMAZON-02
cdn.gradescope.com33,18.238.49.7,AMAZON-02
cdn.gradescope.com3,18.238.49.67,AMAZON-02
cdn.gradescope.com1,18.238.49.7,AMAZON-02
cdn.turnitin.com2,18.238.49.109,AMAZON-02
static.turnitin.com,13.35.93.68,AMAZON-02
cdn.gradescope.com53,18.238.49.35,AMAZON-02
cdn.gradescope.com22,18.238.49.7,AMAZON-02
cdn.gradescope.com6,18.238.49.67,AMAZON-02
cdn.gradescope.com46,18.238.49.7,AMAZON-02
cdn.gradescope.com21,18.238.49.35,AMAZON-02
cdn.gradescope.com45,18.238.49.67,AMAZON-02
cdn.gradescope.com17,18.238.49.7,AMAZON-02
gradescope-static-assets.s3.amazonaws.com4,52.92.251.17,AMAZON-02
cdn.gradescope.com18,18.238.49.35,AMAZON-02
cdn.gradescope.com2,18.238.49.67,AMAZON-02
static.turnitin.com1,13.35.93.95,AMAZON-02
cdn.gradescope.com25,18.238.49.7,AMAZON-02
cdn.gradescope.com30,18.238.49.67,AMAZON-02
cdn.gradescope.com51,18.238.49.7,AMAZON-02
cdn.gradescope.com34,18.238.49.67,AMAZON-02
cdn.gradescope.com56,18.238.49.35,AMAZON-02
cdn.gradescope.com14,18.238.49.35,AMAZON-02
cdn.gradescope.com55,18.238.49.17,AMAZON-02
cdn.gradescope.com4,18.238.49.17,AMAZON-02
cdn.gradescope.com26,18.238.49.7,AMAZON-02
cdn.gradescope.com31,18.238.49.67,AMAZON-02
static.turnitin.com2,13.35.93.68,AMAZON-02
cdn.gradescope.com5,18.238.49.67,AMAZON-02
gradescope-static-assets.s3.amazonaws.com5,52.92.249.185,AMAZON-02
cdn.gradescope.com42,18.238.49.7,AMAZON-02
cdn.gradescope.com10,18.238.49.17,AMAZON-02
cdn.gradescope.com28,18.238.49.35,AMAZON-02
cdn.gradescope.com38,18.238.49.17,AMAZON-02
gradescope-static-assets.s3.amazonaws.com6,52.92.154.217,AMAZON-02
cdn.gradescope.com40,18.238.49.17,AMAZON-02
cdn.gradescope.com19,18.238.49.35,AMAZON-02
cdn.gradescope.com47,18.238.49.67,AMAZON-02
cdn.gradescope.com48,18.238.49.35,AMAZON-02
cdn.gradescope.com27,18.238.49.67,AMAZON-02
cdn.gradescope.com23,18.238.49.17,AMAZON-02
cdn.gradescope.com41,18.238.49.67,AMAZON-02
cdn.gradescope.com8,18.238.49.35,AMAZON-02
cdn.gradescope.com49,18.238.49.17,AMAZON-02
cdn.turnitin.com1,18.238.49.51,AMAZON-02
google-analytics.com,142.250.80.36,GOOGLE
cdn.gradescope.com32,18.238.49.17,AMAZON-02
cdn.gradescope.com16,18.238.49.17,AMAZON-02
cdn.gradescope.com12,18.238.49.67,AMAZON-02
cdn.gradescope.com54,18.238.49.35,AMAZON-02
cdn.gradescope.com13,18.238.49.17,AMAZON-02
cdn.gradescope.com50,18.238.49.17,AMAZON-02
gradescope-static-assets.s3.amazonaws.com,52.92.191.177,AMAZON-02
gradescope.com,54.214.141.92,AMAZON-02
accounts.google.com1,142.251.16.84,GOOGLE
static.licdn.com10,152.199.24.163,EDGECAST
linkedin.com2,13.107.42.14,MICROSOFT-CORP-MSN-AS-BLOCK
linkedin.com1,13.107.42.14,MICROSOFT-CORP-MSN-AS-BLOCK
fonts.gstatic.com,142.250.80.67,GOOGLE
static.licdn.com11,152.199.24.163,EDGECAST
ponf.linkedin.com,144.2.9.1,LINKEDIN
platform.linkedin.com,23.44.133.55,AKAMAI-ASN1
linkedin.com5,13.107.42.14,MICROSOFT-CORP-MSN-AS-BLOCK
static.licdn.com2,152.199.24.163,EDGECAST
static.licdn.com9,152.199.24.163,EDGECAST
static.licdn.com6,152.199.24.163,EDGECAST
static.licdn.com7,152.199.24.163,EDGECAST
accounts.google.com,142.251.16.84,GOOGLE
static.licdn.com1,152.199.24.163,EDGECAST
static.licdn.com13,152.199.24.163,EDGECAST
static.licdn.com5,152.199.24.163,EDGECAST
static.licdn.com8,152.199.24.163,EDGECAST
linkedin.com7,13.107.42.14,MICROSOFT-CORP-MSN-AS-BLOCK
linkedin.com4,13.107.42.14,MICROSOFT-CORP-MSN-AS-BLOCK
static.licdn.com14,152.199.24.163,EDGECAST
linkedin.com6,13.107.42.14,MICROSOFT-CORP-MSN-AS-BLOCK
linkedin.com,13.107.42.14,MICROSOFT-CORP-MSN-AS-BLOCK
static.licdn.com3,152.199.24.163,EDGECAST
static.licdn.com,152.199.24.163,EDGECAST
linkedin.com3,13.107.42.14,MICROSOFT-CORP-MSN-AS-BLOCK
static.licdn.com12,152.199.24.163,EDGECAST
static.licdn.com4,152.199.24.163,EDGECAST
open.spotifycdn.com23,199.232.38.251,FASTLY
open.spotifycdn.com8,199.232.38.251,FASTLY
googleoptimize.com,142.250.80.46,GOOGLE
i.scdn.co12,199.232.38.248,FASTLY
web-sdk-assets.spotifycdn.com,199.232.38.250,FASTLY
open.spotifycdn.com15,199.232.38.251,FASTLY
geolocation.onetrust.com,172.64.155.119,CLOUDFLARENET
api-partner.spotify.com1,35.186.224.25,GOOGLE
open.spotifycdn.com17,199.232.38.251,FASTLY
i.scdn.co20,199.232.38.248,FASTLY
seeded-session-images.scdn.co2,199.232.38.248,FASTLY
clienttoken.spotify.com,35.186.224.25,GOOGLE
seeded-session-images.scdn.co1,199.232.38.248,FASTLY
i.scdn.co,199.232.38.248,FASTLY
i.scdn.co26,199.232.38.248,FASTLY
i.scdn.co19,199.232.38.248,FASTLY
open.spotifycdn.com24,199.232.38.251,FASTLY
spclient.wg.spotify.com6,35.186.224.25,GOOGLE
api-partner.spotify.com6,35.186.224.25,GOOGLE
open.spotifycdn.com16,199.232.38.251,FASTLY
cdn.cookielaw.org1,104.19.178.52,CLOUDFLARENET
gstatic.com,142.251.32.99,GOOGLE
i.scdn.co14,199.232.38.248,FASTLY
i.scdn.co24,199.232.38.248,FASTLY
gstatic.com3,142.251.32.99,GOOGLE
i.scdn.co29,199.232.38.248,FASTLY
open.spotifycdn.com7,199.232.38.251,FASTLY
googletagmanager.com,142.251.40.200,GOOGLE
open.spotifycdn.com1,199.232.38.251,FASTLY
clienttoken.spotify.com1,35.186.224.25,GOOGLE
open.spotifycdn.com21,199.232.38.251,FASTLY
open.spotifycdn.com19,199.232.38.251,FASTLY
api-partner.spotify.com2,35.186.224.25,GOOGLE
open.spotifycdn.com18,199.232.38.251,FASTLY
i.scdn.co2,199.232.38.248,FASTLY
spclient.wg.spotify.com,35.186.224.25,GOOGLE
i.scdn.co27,199.232.38.248,FASTLY
google.com3,142.250.80.78,GOOGLE
charts-images.scdn.co,199.232.38.248,FASTLY
i.scdn.co18,199.232.38.248,FASTLY
open.spotifycdn.com,199.232.38.251,FASTLY
i.scdn.co9,199.232.38.248,FASTLY
open.spotifycdn.com13,199.232.38.251,FASTLY
gstatic.com1,142.251.32.99,GOOGLE
spclient.wg.spotify.com5,35.186.224.25,GOOGLE
google.com1,142.250.80.78,GOOGLE
open.spotifycdn.com5,199.232.38.251,FASTLY
encore.scdn.co3,23.44.131.136,AKAMAI-ASN1
google.com,142.250.80.78,GOOGLE
open.spotifycdn.com20,199.232.38.251,FASTLY
i.scdn.co1,199.232.38.248,FASTLY
open.spotifycdn.com4,199.232.38.251,FASTLY
i.scdn.co25,199.232.38.248,FASTLY
spclient.wg.spotify.com3,35.186.224.25,GOOGLE
i.scdn.co15,199.232.38.248,FASTLY
open.spotifycdn.com2,199.232.38.251,FASTLY
api-partner.spotify.com,35.186.224.25,GOOGLE
o22381.ingest.sentry.io,34.120.195.249,GOOGLE-CLOUD-PLATFORM
i.scdn.co3,199.232.38.248,FASTLY
i.scdn.co16,199.232.38.248,FASTLY
charts-images.scdn.co2,199.232.38.248,FASTLY
gstatic.com4,142.251.32.99,GOOGLE
cdn.cookielaw.org,104.19.177.52,CLOUDFLARENET
i.scdn.co22,199.232.38.248,FASTLY
i.scdn.co4,199.232.38.248,FASTLY
apresolve.spotify.com1,35.186.224.25,GOOGLE
open.spotifycdn.com9,199.232.38.251,FASTLY
encore.scdn.co1,23.44.131.136,AKAMAI-ASN1
gstatic.com5,142.251.32.99,GOOGLE
spclient.wg.spotify.com2,35.186.224.25,GOOGLE
encore.scdn.co,23.44.131.136,AKAMAI-ASN1
i.scdn.co8,199.232.38.248,FASTLY
open.spotify.com,35.186.224.25,GOOGLE
i.scdn.co6,199.232.38.248,FASTLY
spclient.wg.spotify.com4,35.186.224.25,GOOGLE
i.scdn.co28,199.232.38.248,FASTLY
i.scdn.co23,199.232.38.248,FASTLY
open.spotify.com1,35.186.224.25,GOOGLE
cdn.cookielaw.org2,104.19.177.52,CLOUDFLARENET
open.spotifycdn.com6,199.232.38.251,FASTLY
i.scdn.co5,199.232.38.248,FASTLY
open.spotifycdn.com3,199.232.38.251,FASTLY
spclient.wg.spotify.com1,35.186.224.25,GOOGLE
charts-images.scdn.co1,199.232.38.248,FASTLY
google.com2,142.250.80.78,GOOGLE
seeded-session-images.scdn.co,199.232.38.248,FASTLY
i.scdn.co11,199.232.38.248,FASTLY
open.spotifycdn.com22,199.232.38.251,FASTLY
i.scdn.co17,199.232.38.248,FASTLY
api-partner.spotify.com3,35.186.224.25,GOOGLE
web-sdk-assets.spotifycdn.com1,199.232.38.250,FASTLY
open.spotifycdn.com14,199.232.38.251,FASTLY
spotify.com,35.186.224.25,GOOGLE
open.spotifycdn.com12,199.232.38.251,FASTLY
apresolve.spotify.com2,35.186.224.25,GOOGLE
gstatic.com2,142.251.32.99,GOOGLE
i.scdn.co10,199.232.38.248,FASTLY
i.scdn.co13,199.232.38.248,FASTLY
api-partner.spotify.com4,35.186.224.25,GOOGLE
open.spotifycdn.com11,199.232.38.251,FASTLY
i.scdn.co7,199.232.38.248,FASTLY
encore.scdn.co2,23.44.131.136,AKAMAI-ASN1
gstatic.com6,142.251.32.99,GOOGLE
i.scdn.co21,199.232.38.248,FASTLY
open.spotifycdn.com10,199.232.38.251,FASTLY
api-partner.spotify.com5,35.186.224.25,GOOGLE
apresolve.spotify.com,35.186.224.25,GOOGLE
drive.google.com11,142.250.80.46,GOOGLE
drive.google.com21,142.250.80.46,GOOGLE
lh3.google.com,172.217.165.142,GOOGLE
drive.google.com49,142.250.80.46,GOOGLE
waa-pa.clients6.google.com,142.251.35.170,GOOGLE
drive.google.com46,142.250.80.46,GOOGLE
play.google.com,142.250.65.206,GOOGLE
drive.google.com106,142.250.80.46,GOOGLE
drive.google.com66,142.250.80.46,GOOGLE
ssl.gstatic.com7,142.250.81.227,GOOGLE
play.google.com4,142.250.65.206,GOOGLE
drive.google.com63,142.250.80.46,GOOGLE
apis.google.com2,142.250.64.78,GOOGLE
drive.google.com10,142.250.80.46,GOOGLE
drive.google.com9,142.250.80.46,GOOGLE
drive.google.com56,142.250.80.46,GOOGLE
drive.google.com65,142.250.80.46,GOOGLE
drive.google.com8,142.250.80.46,GOOGLE
clients6.google.com8,142.251.40.238,GOOGLE
drive.google.com48,142.250.80.46,GOOGLE
fonts.gstatic.com2,142.250.80.67,GOOGLE
drive.fife.usercontent.google.com,142.251.40.193,GOOGLE
drive.google.com90,142.250.80.46,GOOGLE
drive.google.com59,142.250.80.46,GOOGLE
fonts.gstatic.com4,142.250.80.67,GOOGLE
docs.google.com,142.250.72.110,GOOGLE
drive.google.com55,142.250.80.46,GOOGLE
drive.google.com78,142.250.80.46,GOOGLE
drive.google.com26,142.250.80.46,GOOGLE
clients6.google.com10,142.251.40.238,GOOGLE
signaler-pa.clients6.google.com1,142.250.80.42,GOOGLE
drive.google.com31,142.250.80.46,GOOGLE
drive.google.com71,142.250.80.46,GOOGLE
fonts.gstatic.com,142.250.80.67,GOOGLE
docs.google.com1,142.250.72.110,GOOGLE
drive.google.com87,142.250.80.46,GOOGLE
drive.google.com64,142.250.80.46,GOOGLE
drive.google.com61,142.250.80.46,GOOGLE
gstatic.com,142.251.32.99,GOOGLE
clients6.google.com,142.251.40.238,GOOGLE
drivefrontend-pa.clients6.google.com7,142.250.80.106,GOOGLE
drive.google.com99,142.250.80.46,GOOGLE
drive.google.com68,142.250.80.46,GOOGLE
gstatic.com3,142.251.32.99,GOOGLE
drive.google.com105,142.250.80.46,GOOGLE
play.google.com8,142.250.65.206,GOOGLE
drive.google.com57,142.250.80.46,GOOGLE
drive.google.com82,142.250.80.46,GOOGLE
clients6.google.com2,142.251.40.238,GOOGLE
drive.google.com4,142.250.80.46,GOOGLE
drive.google.com107,142.250.80.46,GOOGLE
gstatic.com8,142.251.32.99,GOOGLE
ssl.gstatic.com5,142.250.81.227,GOOGLE
addons-pa.clients6.google.com,142.250.65.234,GOOGLE
ogads-pa.clients6.google.com,142.250.81.234,GOOGLE
drive.google.com29,142.250.80.46,GOOGLE
drivefrontend-pa.clients6.google.com5,142.250.64.106,GOOGLE
gstatic.com11,142.251.32.99,GOOGLE
drive.google.com103,142.250.80.46,GOOGLE
drive.google.com98,142.250.80.46,GOOGLE
drive.google.com79,142.250.80.46,GOOGLE
lh3.googleusercontent.com,142.251.32.97,GOOGLE
peoplestack-pa.clients6.google.com,142.250.65.234,GOOGLE
apis.google.com,142.250.64.78,GOOGLE
play.google.com9,142.250.65.206,GOOGLE
clients6.google.com9,142.251.40.238,GOOGLE
lh3.googleusercontent.com1,142.251.32.97,GOOGLE
ssl.gstatic.com2,142.250.81.227,GOOGLE
drive.google.com28,142.250.80.46,GOOGLE
drive.google.com16,142.250.80.46,GOOGLE
people-pa.clients6.google.com,142.250.64.74,GOOGLE
drive.google.com70,142.250.80.46,GOOGLE
drive.google.com73,142.250.80.46,GOOGLE
drive.google.com94,142.250.80.46,GOOGLE
contacts.google.com2,142.250.64.78,GOOGLE
drive.google.com37,142.250.80.46,GOOGLE
drive.google.com74,142.250.80.46,GOOGLE
drive.google.com20,142.250.80.46,GOOGLE
drive.google.com102,142.250.80.46,GOOGLE
gstatic.com1,142.251.32.99,GOOGLE
ssl.gstatic.com4,142.250.81.227,GOOGLE
drive.google.com2,142.250.80.46,GOOGLE
google.com1,142.250.80.78,GOOGLE
drive.google.com58,142.250.80.46,GOOGLE
drive.google.com95,142.250.80.46,GOOGLE
drive.google.com22,142.250.80.46,GOOGLE
google.com,142.250.80.78,GOOGLE
accounts.google.com,142.251.16.84,GOOGLE
drive.google.com69,142.250.80.46,GOOGLE
clients6.google.com5,142.251.40.238,GOOGLE
drivefrontend-pa.clients6.google.com4,142.250.64.106,GOOGLE
clients6.google.com1,142.251.40.238,GOOGLE
play.google.com7,142.250.65.206,GOOGLE
drive.google.com15,142.250.80.46,GOOGLE
drive.google.com42,142.250.80.46,GOOGLE
drivefrontend-pa.clients6.google.com6,142.250.80.106,GOOGLE
apis.google.com1,142.250.64.78,GOOGLE
drive.google.com23,142.250.80.46,GOOGLE
drive.google.com60,142.250.80.46,GOOGLE
drive.google.com18,142.250.80.46,GOOGLE
contacts.google.com3,142.250.64.78,GOOGLE
signaler-pa.clients6.google.com,142.250.80.42,GOOGLE
drive.google.com67,142.250.80.46,GOOGLE
drive.google.com88,142.250.80.46,GOOGLE
drive.google.com39,142.250.80.46,GOOGLE
gstatic.com14,142.251.32.99,GOOGLE
drive.google.com85,142.250.80.46,GOOGLE
gstatic.com4,142.251.32.99,GOOGLE
drive.google.com17,142.250.80.46,GOOGLE
ssl.gstatic.com,142.250.81.227,GOOGLE
fonts.googleapis.com2,142.250.176.202,GOOGLE
drive.google.com92,142.250.80.46,GOOGLE
drive.google.com24,142.250.80.46,GOOGLE
drive.google.com44,142.250.80.46,GOOGLE
gstatic.com5,142.251.32.99,GOOGLE
drive.google.com100,142.250.80.46,GOOGLE
fonts.gstatic.com1,142.250.80.67,GOOGLE
gstatic.com12,142.251.32.99,GOOGLE
apis.google.com3,142.250.64.78,GOOGLE
gstatic.com13,142.251.32.99,GOOGLE
drive.google.com101,142.250.80.46,GOOGLE
drive.google.com13,142.250.80.46,GOOGLE
ssl.gstatic.com6,142.250.81.227,GOOGLE
drive.google.com83,142.250.80.46,GOOGLE
drive.google.com91,142.250.80.46,GOOGLE
drive.google.com1,142.250.80.46,GOOGLE
drive.google.com76,142.250.80.46,GOOGLE
apis.google.com6,142.250.64.78,GOOGLE
drive.google.com47,142.250.80.46,GOOGLE
fonts.googleapis.com,142.250.176.202,GOOGLE
drive.google.com52,142.250.80.46,GOOGLE
drive.google.com96,142.250.80.46,GOOGLE
drive.google.com53,142.250.80.46,GOOGLE
ssl.gstatic.com1,142.250.81.227,GOOGLE
gstatic.com7,142.251.32.99,GOOGLE
contacts.google.com,142.250.64.78,GOOGLE
drive.google.com34,142.250.80.46,GOOGLE
drive.google.com72,142.250.80.46,GOOGLE
fonts.googleapis.com1,142.250.176.202,GOOGLE
google.com2,142.250.80.78,GOOGLE
ogs.google.com,142.251.40.110,GOOGLE
ssl.gstatic.com9,142.250.81.227,GOOGLE
drive.google.com80,142.250.80.46,GOOGLE
drive.google.com35,142.250.80.46,GOOGLE
drive.google.com27,142.250.80.46,GOOGLE
drive.google.com62,142.250.80.46,GOOGLE
drive.google.com19,142.250.80.46,GOOGLE
gstatic.com15,142.251.32.99,GOOGLE
play.google.com1,142.250.65.206,GOOGLE
drive.google.com3,142.250.80.46,GOOGLE
clients6.google.com4,142.251.40.238,GOOGLE
drive.google.com43,142.250.80.46,GOOGLE
contacts.google.com1,142.250.64.78,GOOGLE
drive.google.com,142.250.80.46,GOOGLE
clients6.google.com3,142.251.40.238,GOOGLE
play.google.com3,142.250.65.206,GOOGLE
apis.google.com4,142.250.64.78,GOOGLE
drive.google.com81,142.250.80.46,GOOGLE
drive.google.com50,142.250.80.46,GOOGLE
clients6.google.com6,142.251.40.238,GOOGLE
drive.google.com84,142.250.80.46,GOOGLE
drive.google.com25,142.250.80.46,GOOGLE
drive.google.com32,142.250.80.46,GOOGLE
drivefrontend-pa.clients6.google.com1,142.251.41.10,GOOGLE
drive.google.com89,142.250.80.46,GOOGLE
play.google.com2,142.250.65.206,GOOGLE
drive.google.com5,142.250.80.46,GOOGLE
fonts.gstatic.com5,142.250.80.67,GOOGLE
gstatic.com9,142.251.32.99,GOOGLE
drive.google.com7,142.250.80.46,GOOGLE
ssl.gstatic.com11,142.250.81.227,GOOGLE
drive.google.com33,142.250.80.46,GOOGLE
ssl.gstatic.com10,142.250.81.227,GOOGLE
drive.google.com14,142.250.80.46,GOOGLE
fonts.gstatic.com3,142.250.80.67,GOOGLE
drive.google.com54,142.250.80.46,GOOGLE
gstatic.com2,142.251.32.99,GOOGLE
apis.google.com5,142.250.64.78,GOOGLE
drive.google.com97,142.250.80.46,GOOGLE
drive.google.com45,142.250.80.46,GOOGLE
drivefrontend-pa.clients6.google.com2,142.250.176.202,GOOGLE
play.google.com6,142.250.65.206,GOOGLE
clients6.google.com7,142.251.40.238,GOOGLE
ssl.gstatic.com3,142.250.81.227,GOOGLE
contacts.google.com4,142.250.64.78,GOOGLE
drive.google.com41,142.250.80.46,GOOGLE
drive.google.com75,142.250.80.46,GOOGLE
drive.google.com6,142.250.80.46,GOOGLE
drivefrontend-pa.clients6.google.com3,142.250.176.202,GOOGLE
ssl.gstatic.com8,142.250.81.227,GOOGLE
gstatic.com6,142.251.32.99,GOOGLE
gstatic.com10,142.251.32.99,GOOGLE
drive.google.com12,142.250.80.46,GOOGLE
drive.google.com40,142.250.80.46,GOOGLE
drive.google.com104,142.250.80.46,GOOGLE
fonts.gstatic.com6,142.250.80.67,GOOGLE
drive.google.com38,142.250.80.46,GOOGLE
drive.google.com30,142.250.80.46,GOOGLE
drive.google.com77,142.250.80.46,GOOGLE
drive.google.com51,142.250.80.46,GOOGLE
drive.google.com93,142.250.80.46,GOOGLE
drive.google.com86,142.250.80.46,GOOGLE
drive.google.com36,142.250.80.46,GOOGLE
drivefrontend-pa.clients6.google.com,142.251.41.10,GOOGLE
waa-pa.clients6.google.com1,142.251.40.138,GOOGLE
play.google.com5,142.250.65.206,GOOGLE
github.githubassets.com86,185.199.109.154,FASTLY
github.githubassets.com52,185.199.109.154,FASTLY
github.githubassets.com43,185.199.108.154,FASTLY
avatars.githubusercontent.com6,185.199.108.133,FASTLY
github.githubassets.com41,185.199.111.154,FASTLY
github.githubassets.com13,185.199.108.154,FASTLY
github.githubassets.com77,185.199.110.154,FASTLY
github.githubassets.com22,185.199.109.154,FASTLY
github.githubassets.com74,185.199.110.154,FASTLY
github.githubassets.com1,185.199.109.154,FASTLY
github.githubassets.com21,185.199.108.154,FASTLY
avatars.githubusercontent.com13,185.199.108.133,FASTLY
github.githubassets.com,185.199.108.154,FASTLY
github.githubassets.com96,185.199.110.154,FASTLY
github.com1,140.82.114.3,GITHUB
avatars.githubusercontent.com7,185.199.110.133,FASTLY
github.githubassets.com58,185.199.111.154,FASTLY
github.githubassets.com71,185.199.110.154,FASTLY
github.githubassets.com73,185.199.110.154,FASTLY
github.githubassets.com34,185.199.111.154,FASTLY
github.githubassets.com15,185.199.111.154,FASTLY
avatars.githubusercontent.com18,185.199.111.133,FASTLY
github.githubassets.com23,185.199.108.154,FASTLY
github.githubassets.com7,185.199.108.154,FASTLY
avatars.githubusercontent.com5,185.199.111.133,FASTLY
github.githubassets.com69,185.199.111.154,FASTLY
github.githubassets.com79,185.199.108.154,FASTLY
github.githubassets.com26,185.199.108.154,FASTLY
github.com7,140.82.114.3,GITHUB
github.githubassets.com76,185.199.108.154,FASTLY
collector.github.com1,140.82.114.21,GITHUB
avatars.githubusercontent.com,185.199.111.133,FASTLY
github.githubassets.com35,185.199.109.154,FASTLY
github.githubassets.com29,185.199.111.154,FASTLY
github.githubassets.com2,185.199.109.154,FASTLY
github.githubassets.com94,185.199.108.154,FASTLY
avatars.githubusercontent.com21,185.199.109.133,FASTLY
github.githubassets.com62,185.199.110.154,FASTLY
github.githubassets.com54,185.199.109.154,FASTLY
github.com2,140.82.114.3,GITHUB
github.githubassets.com8,185.199.109.154,FASTLY
github.githubassets.com59,185.199.109.154,FASTLY
github.githubassets.com51,185.199.109.154,FASTLY
github.githubassets.com64,185.199.108.154,FASTLY
github.githubassets.com11,185.199.110.154,FASTLY
github.githubassets.com30,185.199.108.154,FASTLY
github.githubassets.com66,185.199.109.154,FASTLY
github.githubassets.com42,185.199.108.154,FASTLY
github.githubassets.com32,185.199.108.154,FASTLY
avatars.githubusercontent.com12,185.199.109.133,FASTLY
github.githubassets.com31,185.199.110.154,FASTLY
github.githubassets.com12,185.199.109.154,FASTLY
avatars.githubusercontent.com11,185.199.109.133,FASTLY
github.githubassets.com63,185.199.108.154,FASTLY
github.githubassets.com90,185.199.110.154,FASTLY
github.githubassets.com98,185.199.110.154,FASTLY
github.githubassets.com44,185.199.109.154,FASTLY
github.githubassets.com40,185.199.110.154,FASTLY
github.githubassets.com53,185.199.109.154,FASTLY
github.com6,140.82.114.3,GITHUB
github.githubassets.com33,185.199.108.154,FASTLY
github.com4,140.82.114.3,GITHUB
avatars.githubusercontent.com10,185.199.111.133,FASTLY
github.githubassets.com5,185.199.110.154,FASTLY
github.githubassets.com27,185.199.109.154,FASTLY
github.githubassets.com49,185.199.110.154,FASTLY
github.githubassets.com14,185.199.109.154,FASTLY
avatars.githubusercontent.com19,185.199.109.133,FASTLY
github.com,140.82.113.4,GITHUB
github.com5,140.82.114.3,GITHUB
github.githubassets.com80,185.199.108.154,FASTLY
github.githubassets.com85,185.199.109.154,FASTLY
github.githubassets.com61,185.199.111.154,FASTLY
github.githubassets.com87,185.199.108.154,FASTLY
github.githubassets.com70,185.199.111.154,FASTLY
github.githubassets.com10,185.199.110.154,FASTLY
github.githubassets.com93,185.199.110.154,FASTLY
github.githubassets.com91,185.199.111.154,FASTLY
github.githubassets.com99,185.199.108.154,FASTLY
api.github.com,140.82.114.6,GITHUB
github.githubassets.com47,185.199.109.154,FASTLY
avatars.githubusercontent.com20,185.199.110.133,FASTLY
avatars.githubusercontent.com8,185.199.111.133,FASTLY
github.githubassets.com72,185.199.110.154,FASTLY
github.githubassets.com84,185.199.111.154,FASTLY
github.githubassets.com65,185.199.111.154,FASTLY
avatars.githubusercontent.com14,185.199.109.133,FASTLY
avatars.githubusercontent.com3,185.199.111.133,FASTLY
github.githubassets.com17,185.199.109.154,FASTLY
github.githubassets.com89,185.199.108.154,FASTLY
github.githubassets.com67,185.199.108.154,FASTLY
github.githubassets.com48,185.199.110.154,FASTLY
github.githubassets.com83,185.199.110.154,FASTLY
github.githubassets.com56,185.199.109.154,FASTLY
github.githubassets.com95,185.199.111.154,FASTLY
github.githubassets.com19,185.199.110.154,FASTLY
github.githubassets.com92,185.199.111.154,FASTLY
github.githubassets.com78,185.199.111.154,FASTLY
github.githubassets.com60,185.199.111.154,FASTLY
github.githubassets.com37,185.199.111.154,FASTLY
github.githubassets.com57,185.199.108.154,FASTLY
github.githubassets.com18,185.199.108.154,FASTLY
avatars.githubusercontent.com17,185.199.108.133,FASTLY
github.githubassets.com28,185.199.111.154,FASTLY
avatars.githubusercontent.com16,185.199.108.133,FASTLY
github.githubassets.com20,185.199.108.154,FASTLY
github.githubassets.com97,185.199.110.154,FASTLY
github.githubassets.com38,185.199.109.154,FASTLY
avatars.githubusercontent.com2,185.199.108.133,FASTLY
github.githubassets.com45,185.199.110.154,FASTLY
avatars.githubusercontent.com4,185.199.110.133,FASTLY
github.githubassets.com9,185.199.111.154,FASTLY
github.githubassets.com16,185.199.111.154,FASTLY
avatars.githubusercontent.com1,185.199.109.133,FASTLY
github.com3,140.82.114.3,GITHUB
collector.github.com,140.82.114.22,GITHUB
avatars.githubusercontent.com9,185.199.109.133,FASTLY
github.githubassets.com25,185.199.110.154,FASTLY
github.githubassets.com75,185.199.108.154,FASTLY
github.githubassets.com39,185.199.110.154,FASTLY
github.githubassets.com88,185.199.108.154,FASTLY
github.githubassets.com50,185.199.109.154,FASTLY
github.githubassets.com3,185.199.110.154,FASTLY
github.githubassets.com55,185.199.108.154,FASTLY
github.githubassets.com81,185.199.110.154,FASTLY
github.githubassets.com68,185.199.109.154,FASTLY
github.githubassets.com36,185.199.111.154,FASTLY
github.githubassets.com4,185.199.110.154,FASTLY
github.githubassets.com6,185.199.108.154,FASTLY
github.com8,140.82.114.3,GITHUB
github.githubassets.com24,185.199.109.154,FASTLY
github.githubassets.com82,185.199.111.154,FASTLY
avatars.githubusercontent.com15,185.199.109.133,FASTLY
github.githubassets.com46,185.199.110.154,FASTLY
m.media-amazon.com38,108.138.110.85,AMAZON-02
m.media-amazon.com120,18.164.95.4,AMAZON-02
m.media-amazon.com195,108.139.54.203,AMAZON-02
m.media-amazon.com218,23.44.133.144,AKAMAI-ASN1
m.media-amazon.com173,108.138.110.85,AMAZON-02
completion.amazon.com,44.215.128.147,AMAZON-AES
aax-us-east-retail-direct.amazon.com1,54.239.17.248,AMAZON-02
fls-na.amazon.com23,52.204.13.24,AMAZON-AES
m.media-amazon.com45,23.44.133.153,AKAMAI-ASN1
m.media-amazon.com161,18.238.76.234,AMAZON-02
m.media-amazon.com136,18.238.45.222,AMAZON-02
m.media-amazon.com59,23.44.133.153,AKAMAI-ASN1
m.media-amazon.com192,108.139.54.203,AMAZON-02
m.media-amazon.com144,18.164.132.134,AMAZON-02
fls-na.amazon.com13,44.198.28.216,AMAZON-AES
m.media-amazon.com184,23.44.133.153,AKAMAI-ASN1
m.media-amazon.com190,108.139.35.180,AMAZON-02
m.media-amazon.com134,18.238.45.222,AMAZON-02
m.media-amazon.com208,23.44.133.144,AKAMAI-ASN1
m.media-amazon.com88,108.139.54.203,AMAZON-02
m.media-amazon.com207,23.44.133.144,AKAMAI-ASN1
m.media-amazon.com91,108.138.110.85,AMAZON-02
m.media-amazon.com138,18.238.45.222,AMAZON-02
m.media-amazon.com19,108.138.110.85,AMAZON-02
m.media-amazon.com3,199.232.37.16,FASTLY
m.media-amazon.com159,23.44.133.144,AKAMAI-ASN1
unagi-na.amazon.com,52.46.132.114,AMAZON-02
m.media-amazon.com196,108.138.120.237,AMAZON-02
images-na.ssl-images-amazon.com2,199.232.37.16,FASTLY
m.media-amazon.com164,18.238.76.234,AMAZON-02
fls-na.amazon.com12,34.203.44.167,AMAZON-AES
fls-na.amazon.com2,3.217.255.244,AMAZON-AES
m.media-amazon.com170,108.138.110.85,AMAZON-02
m.media-amazon.com20,108.138.110.85,AMAZON-02
m.media-amazon.com102,108.139.54.203,AMAZON-02
m.media-amazon.com28,23.44.133.153,AKAMAI-ASN1
m.media-amazon.com199,108.138.120.237,AMAZON-02
m.media-amazon.com228,23.44.133.144,AKAMAI-ASN1
m.media-amazon.com66,108.139.35.180,AMAZON-02
m.media-amazon.com188,108.139.35.180,AMAZON-02
images-na.ssl-images-amazon.com14,108.138.110.85,AMAZON-02
m.media-amazon.com150,18.238.45.222,AMAZON-02
m.media-amazon.com93,108.138.110.85,AMAZON-02
m.media-amazon.com90,108.138.110.85,AMAZON-02
m.media-amazon.com79,23.44.133.144,AKAMAI-ASN1
m.media-amazon.com177,18.238.45.222,AMAZON-02
m.media-amazon.com78,23.44.133.144,AKAMAI-ASN1
m.media-amazon.com44,23.44.133.153,AKAMAI-ASN1
m.media-amazon.com100,108.139.54.203,AMAZON-02
fls-na.amazon.com9,54.227.18.210,AMAZON-AES
m.media-amazon.com87,108.139.54.203,AMAZON-02
images-na.ssl-images-amazon.com30,18.238.45.222,AMAZON-02
images-na.ssl-images-amazon.com13,108.138.110.85,AMAZON-02
fls-na.amazon.com,54.86.195.215,AMAZON-AES
m.media-amazon.com57,108.138.110.85,AMAZON-02
m.media-amazon.com25,23.44.133.144,AKAMAI-ASN1
images-na.ssl-images-amazon.com36,108.139.54.203,AMAZON-02
m.media-amazon.com209,23.44.133.153,AKAMAI-ASN1
m.media-amazon.com27,23.44.133.153,AKAMAI-ASN1
images-na.ssl-images-amazon.com22,23.44.133.153,AKAMAI-ASN1
m.media-amazon.com85,108.139.54.203,AMAZON-02
m.media-amazon.com11,23.44.133.144,AKAMAI-ASN1
m.media-amazon.com211,23.44.133.153,AKAMAI-ASN1
m.media-amazon.com182,23.44.133.144,AKAMAI-ASN1
m.media-amazon.com60,23.44.133.144,AKAMAI-ASN1
m.media-amazon.com216,108.139.54.203,AMAZON-02
m.media-amazon.com130,23.44.133.144,AKAMAI-ASN1
images-na.ssl-images-amazon.com10,18.238.76.234,AMAZON-02
aan.amazon.com,67.220.244.19,AMAZON-02
m.media-amazon.com97,18.164.95.4,AMAZON-02
images-na.ssl-images-amazon.com35,23.44.133.153,AKAMAI-ASN1
m.media-amazon.com240,199.232.37.16,FASTLY
m.media-amazon.com191,108.139.54.203,AMAZON-02
images-na.ssl-images-amazon.com20,23.44.133.144,AKAMAI-ASN1
m.media-amazon.com243,108.139.54.203,AMAZON-02
m.media-amazon.com127,108.139.35.180,AMAZON-02
m.media-amazon.com37,108.138.110.85,AMAZON-02
m.media-amazon.com157,23.44.133.144,AKAMAI-ASN1
m.media-amazon.com171,108.138.110.85,AMAZON-02
m.media-amazon.com143,108.139.54.203,AMAZON-02
m.media-amazon.com175,18.238.45.222,AMAZON-02
fls-na.amazon.com5,34.231.138.66,AMAZON-AES
m.media-amazon.com70,23.44.133.144,AKAMAI-ASN1
aan.amazon.com2,52.46.155.114,AMAZON-02
m.media-amazon.com141,108.139.54.203,AMAZON-02
m.media-amazon.com189,108.139.35.180,AMAZON-02
m.media-amazon.com103,18.238.45.222,AMAZON-02
images-na.ssl-images-amazon.com25,108.139.35.180,AMAZON-02
fls-na.amazon.com8,50.17.158.10,AMAZON-AES
m.media-amazon.com152,18.238.45.222,AMAZON-02
fls-na.amazon.com21,3.217.185.126,AMAZON-AES
m.media-amazon.com10,23.44.133.153,AKAMAI-ASN1
fls-na.amazon.com6,107.21.31.137,AMAZON-AES
m.media-amazon.com81,23.44.133.153,AKAMAI-ASN1
m.media-amazon.com179,18.238.45.222,AMAZON-02
m.media-amazon.com56,108.138.110.85,AMAZON-02
m.media-amazon.com111,18.238.45.222,AMAZON-02
images-na.ssl-images-amazon.com11,23.44.133.144,AKAMAI-ASN1
m.media-amazon.com2,18.164.132.134,AMAZON-02
m.media-amazon.com98,18.164.95.4,AMAZON-02
m.media-amazon.com149,18.238.45.222,AMAZON-02
m.media-amazon.com63,108.138.110.85,AMAZON-02
images-na.ssl-images-amazon.com9,23.44.133.153,AKAMAI-ASN1
m.media-amazon.com105,18.238.45.222,AMAZON-02
unagi.amazon.com1,67.220.240.31,AMAZON-02
m.media-amazon.com58,23.44.133.144,AKAMAI-ASN1
m.media-amazon.com174,108.138.110.85,AMAZON-02
m.media-amazon.com172,108.138.110.85,AMAZON-02
amazon.com3,205.251.242.103,AMAZON-02
m.media-amazon.com121,18.164.95.4,AMAZON-02
images-na.ssl-images-amazon.com23,23.44.133.153,AKAMAI-ASN1
m.media-amazon.com33,23.44.133.144,AKAMAI-ASN1
fls-na.amazon.com17,34.197.126.203,AMAZON-AES
images-na.ssl-images-amazon.com21,23.44.133.144,AKAMAI-ASN1
m.media-amazon.com101,108.139.54.203,AMAZON-02
m.media-amazon.com6,108.139.54.203,AMAZON-02
m.media-amazon.com213,199.232.37.16,FASTLY
m.media-amazon.com86,108.139.54.203,AMAZON-02
m.media-amazon.com212,199.232.37.16,FASTLY
m.media-amazon.com187,108.139.35.180,AMAZON-02
m.media-amazon.com124,108.139.35.180,AMAZON-02
m.media-amazon.com75,23.44.133.153,AKAMAI-ASN1
images-na.ssl-images-amazon.com19,23.44.133.153,AKAMAI-ASN1
m.media-amazon.com235,23.44.133.144,AKAMAI-ASN1
m.media-amazon.com129,23.44.133.153,AKAMAI-ASN1
m.media-amazon.com52,18.238.76.234,AMAZON-02
m.media-amazon.com146,18.164.132.134,AMAZON-02
m.media-amazon.com116,199.232.37.16,FASTLY
m.media-amazon.com163,18.238.76.234,AMAZON-02
m.media-amazon.com95,108.139.35.180,AMAZON-02
aan.amazon.com1,176.32.98.109,AMAZON-02
m.media-amazon.com176,18.238.45.222,AMAZON-02
m.media-amazon.com54,108.138.110.85,AMAZON-02
m.media-amazon.com148,18.164.132.134,AMAZON-02
m.media-amazon.com107,18.238.45.222,AMAZON-02
m.media-amazon.com21,108.138.110.85,AMAZON-02
m.media-amazon.com5,199.232.37.16,FASTLY
m.media-amazon.com202,18.164.95.4,AMAZON-02
m.media-amazon.com55,108.138.110.85,AMAZON-02
m.media-amazon.com132,23.44.133.153,AKAMAI-ASN1
m.media-amazon.com31,23.44.133.144,AKAMAI-ASN1
images-na.ssl-images-amazon.com37,108.139.54.203,AMAZON-02
aax-us-east-retail-direct.amazon.com,52.46.132.119,AMAZON-02
m.media-amazon.com15,108.138.110.85,AMAZON-02
m.media-amazon.com131,23.44.133.153,AKAMAI-ASN1
m.media-amazon.com1,18.164.132.134,AMAZON-02
images-na.ssl-images-amazon.com7,23.44.133.144,AKAMAI-ASN1
m.media-amazon.com198,108.138.120.237,AMAZON-02
m.media-amazon.com113,199.232.37.16,FASTLY
s.amazon-adsystem.com,52.46.128.147,AMAZON-02
m.media-amazon.com224,108.138.120.237,AMAZON-02
m.media-amazon.com158,23.44.133.153,AKAMAI-ASN1
m.media-amazon.com220,23.44.133.144,AKAMAI-ASN1
images-na.ssl-images-amazon.com8,23.44.133.153,AKAMAI-ASN1
m.media-amazon.com125,108.139.35.180,AMAZON-02
m.media-amazon.com71,23.44.133.144,AKAMAI-ASN1
m.media-amazon.com227,23.44.133.144,AKAMAI-ASN1
images-na.ssl-images-amazon.com32,23.44.133.153,AKAMAI-ASN1
images-na.ssl-images-amazon.com17,23.44.133.153,AKAMAI-ASN1
m.media-amazon.com231,108.139.54.203,AMAZON-02
m.media-amazon.com181,23.44.133.153,AKAMAI-ASN1
unagi.amazon.com,52.46.153.141,AMAZON-02
m.media-amazon.com126,108.139.35.180,AMAZON-02
m.media-amazon.com156,23.44.133.144,AKAMAI-ASN1
images-na.ssl-images-amazon.com29,18.238.45.222,AMAZON-02
m.media-amazon.com147,18.164.132.134,AMAZON-02
m.media-amazon.com42,23.44.133.144,AKAMAI-ASN1
m.media-amazon.com221,23.44.133.144,AKAMAI-ASN1
m.media-amazon.com50,18.238.76.234,AMAZON-02
images-na.ssl-images-amazon.com34,23.44.133.153,AKAMAI-ASN1
m.media-amazon.com151,18.238.45.222,AMAZON-02
m.media-amazon.com32,23.44.133.144,AKAMAI-ASN1
amazon.com2,205.251.242.103,AMAZON-02
m.media-amazon.com46,23.44.133.153,AKAMAI-ASN1
fls-na.amazon.com18,52.7.19.246,AMAZON-AES
images-na.ssl-images-amazon.com1,18.164.132.134,AMAZON-02
m.media-amazon.com118,18.164.95.4,AMAZON-02
fls-na.amazon.com20,44.193.63.151,AMAZON-AES
m.media-amazon.com230,108.139.54.203,AMAZON-02
m.media-amazon.com29,23.44.133.144,AKAMAI-ASN1
m.media-amazon.com197,108.138.120.237,AMAZON-02
m.media-amazon.com155,23.44.133.144,AKAMAI-ASN1
m.media-amazon.com49,18.238.76.234,AMAZON-02
m.media-amazon.com236,199.232.37.16,FASTLY
m.media-amazon.com167,199.232.37.16,FASTLY
m.media-amazon.com122,18.164.95.4,AMAZON-02
m.media-amazon.com128,23.44.133.144,AKAMAI-ASN1
m.media-amazon.com96,18.164.95.4,AMAZON-02
m.media-amazon.com135,18.238.45.222,AMAZON-02
m.media-amazon.com17,108.138.110.85,AMAZON-02
m.media-amazon.com13,23.44.133.144,AKAMAI-ASN1
m.media-amazon.com123,108.139.35.180,AMAZON-02
images-na.ssl-images-amazon.com26,108.139.35.180,AMAZON-02
m.media-amazon.com133,23.44.133.153,AKAMAI-ASN1
m.media-amazon.com178,18.238.45.222,AMAZON-02
m.media-amazon.com137,18.238.45.222,AMAZON-02
m.media-amazon.com193,108.139.54.203,AMAZON-02
images-na.ssl-images-amazon.com4,23.44.133.144,AKAMAI-ASN1
m.media-amazon.com22,108.138.110.85,AMAZON-02
m.media-amazon.com24,23.44.133.153,AKAMAI-ASN1
m.media-amazon.com232,23.44.133.144,AKAMAI-ASN1
images-na.ssl-images-amazon.com,18.164.132.134,AMAZON-02
fls-na.amazon.com15,52.6.98.164,AMAZON-AES
fls-na.amazon.com26,3.217.122.44,AMAZON-AES
m.media-amazon.com237,199.232.37.16,FASTLY
m.media-amazon.com183,23.44.133.153,AKAMAI-ASN1
m.media-amazon.com73,23.44.133.153,AKAMAI-ASN1
m.media-amazon.com201,18.164.95.4,AMAZON-02
m.media-amazon.com69,23.44.133.144,AKAMAI-ASN1
images-na.ssl-images-amazon.com15,108.139.35.180,AMAZON-02
images-na.ssl-images-amazon.com31,23.44.133.153,AKAMAI-ASN1
fls-na.amazon.com22,34.230.112.129,AMAZON-AES
m.media-amazon.com238,108.139.35.180,AMAZON-02
m.media-amazon.com43,23.44.133.153,AKAMAI-ASN1
m.media-amazon.com185,23.44.133.144,AKAMAI-ASN1
m.media-amazon.com68,23.44.133.153,AKAMAI-ASN1
images-na.ssl-images-amazon.com12,108.138.110.85,AMAZON-02
m.media-amazon.com104,18.238.45.222,AMAZON-02
m.media-amazon.com14,108.138.110.85,AMAZON-02
m.media-amazon.com84,108.139.54.203,AMAZON-02
m.media-amazon.com4,199.232.37.16,FASTLY
fls-na.amazon.com1,35.174.72.91,AMAZON-AES
m.media-amazon.com165,199.232.37.16,FASTLY
m.media-amazon.com30,23.44.133.144,AKAMAI-ASN1
m.media-amazon.com62,23.44.133.153,AKAMAI-ASN1
amazon.com1,54.239.28.85,AMAZON-02
m.media-amazon.com142,108.139.54.203,AMAZON-02
m.media-amazon.com47,23.44.133.144,AKAMAI-ASN1
m.media-amazon.com168,199.232.37.16,FASTLY
images-na.ssl-images-amazon.com28,18.238.45.222,AMAZON-02
m.media-amazon.com166,199.232.37.16,FASTLY
m.media-amazon.com74,23.44.133.153,AKAMAI-ASN1
amazon.com,54.239.28.85,AMAZON-02
m.media-amazon.com61,23.44.133.153,AKAMAI-ASN1
m.media-amazon.com210,23.44.133.153,AKAMAI-ASN1
m.media-amazon.com154,23.44.133.153,AKAMAI-ASN1
m.media-amazon.com89,108.138.110.85,AMAZON-02
fls-na.amazon.com16,44.216.125.204,AMAZON-AES
m.media-amazon.com112,18.238.45.222,AMAZON-02
m.media-amazon.com40,108.138.110.85,AMAZON-02
m.media-amazon.com18,108.138.110.85,AMAZON-02
fls-na.amazon.com7,107.21.31.137,AMAZON-AES
m.media-amazon.com233,23.44.133.153,AKAMAI-ASN1
m.media-amazon.com222,23.44.133.144,AKAMAI-ASN1
images-na.ssl-images-amazon.com18,23.44.133.153,AKAMAI-ASN1
fls-na.amazon.com10,52.44.19.206,AMAZON-AES
m.media-amazon.com106,18.238.45.222,AMAZON-02
m.media-amazon.com109,18.238.45.222,AMAZON-02
m.media-amazon.com53,108.138.110.85,AMAZON-02
m.media-amazon.com139,108.139.54.203,AMAZON-02
m.media-amazon.com108,18.238.45.222,AMAZON-02
fls-na.amazon.com14,52.6.98.164,AMAZON-AES
m.media-amazon.com140,108.139.54.203,AMAZON-02
fls-na.amazon.com3,23.22.102.81,AMAZON-AES
m.media-amazon.com34,18.238.45.222,AMAZON-02
m.media-amazon.com76,23.44.133.144,AKAMAI-ASN1
m.media-amazon.com12,23.44.133.153,AKAMAI-ASN1
fls-na.amazon.com24,52.204.13.24,AMAZON-AES
images-na.ssl-images-amazon.com6,18.238.45.222,AMAZON-02
m.media-amazon.com214,199.232.37.16,FASTLY
m.media-amazon.com203,18.164.95.4,AMAZON-02
images-na.ssl-images-amazon.com33,23.44.133.144,AKAMAI-ASN1
m.media-amazon.com241,199.232.37.16,FASTLY
m.media-amazon.com119,18.164.95.4,AMAZON-02
m.media-amazon.com36,18.238.45.222,AMAZON-02
m.media-amazon.com39,108.138.110.85,AMAZON-02
m.media-amazon.com200,108.138.120.237,AMAZON-02
m.media-amazon.com153,18.238.45.222,AMAZON-02
m.media-amazon.com223,108.138.120.237,AMAZON-02
amazon.com5,205.251.242.103,AMAZON-02
amazon.com4,54.239.28.85,AMAZON-02
m.media-amazon.com206,23.44.133.144,AKAMAI-ASN1
m.media-amazon.com51,18.238.76.234,AMAZON-02
images-na.ssl-images-amazon.com24,108.139.35.180,AMAZON-02
amazon.com6,205.251.242.103,AMAZON-02
m.media-amazon.com169,199.232.37.16,FASTLY
m.media-amazon.com242,199.232.37.16,FASTLY
m.media-amazon.com92,108.138.110.85,AMAZON-02
m.media-amazon.com83,23.44.133.144,AKAMAI-ASN1
m.media-amazon.com80,23.44.133.153,AKAMAI-ASN1
m.media-amazon.com160,18.238.76.234,AMAZON-02
m.media-amazon.com77,23.44.133.144,AKAMAI-ASN1
m.media-amazon.com65,108.139.35.180,AMAZON-02
m.media-amazon.com35,18.238.45.222,AMAZON-02
m.media-amazon.com99,18.164.95.4,AMAZON-02
fls-na.amazon.com19,52.7.19.246,AMAZON-AES
m.media-amazon.com186,108.139.35.180,AMAZON-02
m.media-amazon.com7,108.139.54.203,AMAZON-02
m.media-amazon.com219,23.44.133.153,AKAMAI-ASN1
fls-na.amazon.com4,34.193.111.32,AMAZON-AES
m.media-amazon.com8,108.139.54.203,AMAZON-02
m.media-amazon.com41,108.138.110.85,AMAZON-02
m.media-amazon.com204,18.164.95.4,AMAZON-02
m.media-amazon.com217,23.44.133.153,AKAMAI-ASN1
m.media-amazon.com226,108.138.120.237,AMAZON-02
m.media-amazon.com225,108.138.120.237,AMAZON-02
m.media-amazon.com48,23.44.133.144,AKAMAI-ASN1
m.media-amazon.com67,108.139.35.180,AMAZON-02
m.media-amazon.com114,199.232.37.16,FASTLY
m.media-amazon.com180,23.44.133.153,AKAMAI-ASN1
fls-na.amazon.com25,52.204.13.24,AMAZON-AES
images-na.ssl-images-amazon.com16,108.139.35.180,AMAZON-02
m.media-amazon.com205,18.164.95.4,AMAZON-02
m.media-amazon.com9,108.139.54.203,AMAZON-02
m.media-amazon.com115,199.232.37.16,FASTLY
m.media-amazon.com72,23.44.133.153,AKAMAI-ASN1
m.media-amazon.com194,108.139.54.203,AMAZON-02
m.media-amazon.com,18.164.132.134,AMAZON-02
m.media-amazon.com215,199.232.37.16,FASTLY
m.media-amazon.com234,23.44.133.153,AKAMAI-ASN1
m.media-amazon.com162,18.238.76.234,AMAZON-02
m.media-amazon.com229,108.139.54.203,AMAZON-02
m.media-amazon.com82,23.44.133.144,AKAMAI-ASN1
m.media-amazon.com26,23.44.133.144,AKAMAI-ASN1
m.media-amazon.com64,108.138.110.85,AMAZON-02
m.media-amazon.com16,108.138.110.85,AMAZON-02
images-na.ssl-images-amazon.com5,23.44.133.144,AKAMAI-ASN1
images-na.ssl-images-amazon.com27,18.164.95.4,AMAZON-02
fls-na.amazon.com11,3.216.237.220,AMAZON-AES
m.media-amazon.com239,108.139.35.180,AMAZON-02
images-na.ssl-images-amazon.com3,199.232.37.16,FASTLY
m.media-amazon.com94,108.139.35.180,AMAZON-02
m.media-amazon.com145,18.164.132.134,AMAZON-02
m.media-amazon.com110,18.238.45.222,AMAZON-02
m.media-amazon.com23,108.138.110.85,AMAZON-02
m.media-amazon.com117,199.232.37.16,FASTLY
lh3.google.com,172.217.165.142,GOOGLE
waa-pa.clients6.google.com,142.251.40.170,GOOGLE
play.google.com,142.250.65.206,GOOGLE
play.google.com4,142.250.65.206,GOOGLE
google.com19,142.250.80.78,GOOGLE
google.com20,142.250.80.78,GOOGLE
fonts.gstatic.com2,142.250.80.67,GOOGLE
google.com8,142.250.80.78,GOOGLE
fonts.gstatic.com4,142.250.80.67,GOOGLE
google.com7,142.250.80.78,GOOGLE
fonts.gstatic.com,142.250.80.67,GOOGLE
google.com16,142.250.80.78,GOOGLE
gstatic.com,142.251.32.99,GOOGLE
google.com10,142.250.80.78,GOOGLE
google.com14,142.250.80.78,GOOGLE
google.com26,142.250.80.78,GOOGLE
waa-pa.clients6.google.com2,142.250.80.42,GOOGLE
google.com23,142.250.80.78,GOOGLE
google.com25,142.250.80.78,GOOGLE
waa-pa.clients6.google.com3,142.250.80.42,GOOGLE
lh3.googleusercontent.com,142.251.32.97,GOOGLE
apis.google.com,142.250.64.78,GOOGLE
google.com3,142.250.80.78,GOOGLE
google.com4,142.250.80.78,GOOGLE
gstatic.com1,142.251.32.99,GOOGLE
google.com1,142.250.80.78,GOOGLE
google.com,142.250.80.78,GOOGLE
google.com5,142.250.80.78,GOOGLE
accounts.google.com,142.251.16.84,GOOGLE
google.com9,142.250.80.78,GOOGLE
google.com13,142.250.80.78,GOOGLE
google.com18,142.250.80.78,GOOGLE
fonts.gstatic.com1,142.250.80.67,GOOGLE
google.com24,142.250.80.78,GOOGLE
google.com29,142.250.80.78,GOOGLE
fonts.googleapis.com,142.250.176.202,GOOGLE
google.com32,142.250.80.78,GOOGLE
google.com30,142.250.80.78,GOOGLE
google.com21,142.250.80.78,GOOGLE
fonts.googleapis.com1,142.250.176.202,GOOGLE
google.com27,142.250.80.78,GOOGLE
google.com2,142.250.80.78,GOOGLE
play.google.com1,142.250.65.206,GOOGLE
play.google.com3,142.250.65.206,GOOGLE
play.google.com2,142.250.65.206,GOOGLE
fonts.gstatic.com5,142.250.80.67,GOOGLE
google.com15,142.250.80.78,GOOGLE
google.com22,142.250.80.78,GOOGLE
google.com6,142.250.80.78,GOOGLE
fonts.gstatic.com3,142.250.80.67,GOOGLE
google.com11,142.250.80.78,GOOGLE
gstatic.com2,142.251.32.99,GOOGLE
google.com31,142.250.80.78,GOOGLE
play.google.com6,142.250.65.206,GOOGLE
google.com12,142.250.80.78,GOOGLE
google.com28,142.250.80.78,GOOGLE
google.com17,142.250.80.78,GOOGLE
adservice.google.com,142.251.40.226,GOOGLE
waa-pa.clients6.google.com1,142.251.40.170,GOOGLE
play.google.com5,142.250.65.206,GOOGLE
portal.colgate.edu27,149.43.134.29,COLGATE-UNIVERSITY
portal.colgate.edu18,149.43.134.29,COLGATE-UNIVERSITY
portal.colgate.edu11,149.43.134.29,COLGATE-UNIVERSITY
portal.colgate.edu2,149.43.134.29,COLGATE-UNIVERSITY
portal.colgate.edu10,149.43.134.29,COLGATE-UNIVERSITY
portal.colgate.edu13,149.43.134.29,COLGATE-UNIVERSITY
portal.colgate.edu29,149.43.134.29,COLGATE-UNIVERSITY
portal.colgate.edu21,149.43.134.29,COLGATE-UNIVERSITY
portal.colgate.edu8,149.43.134.29,COLGATE-UNIVERSITY
portal.colgate.edu24,149.43.134.29,COLGATE-UNIVERSITY
portal.colgate.edu14,149.43.134.29,COLGATE-UNIVERSITY
portal.colgate.edu5,149.43.134.29,COLGATE-UNIVERSITY
portal.colgate.edu30,149.43.134.29,COLGATE-UNIVERSITY
portal.colgate.edu4,149.43.134.29,COLGATE-UNIVERSITY
portal.colgate.edu,149.43.134.29,COLGATE-UNIVERSITY
portal.colgate.edu1,149.43.134.29,COLGATE-UNIVERSITY
portal.colgate.edu7,149.43.134.29,COLGATE-UNIVERSITY
portal.colgate.edu25,149.43.134.29,COLGATE-UNIVERSITY
portal.colgate.edu28,149.43.134.29,COLGATE-UNIVERSITY
portal.colgate.edu20,149.43.134.29,COLGATE-UNIVERSITY
portal.colgate.edu6,149.43.134.29,COLGATE-UNIVERSITY
portal.colgate.edu22,149.43.134.29,COLGATE-UNIVERSITY
portal.colgate.edu9,149.43.134.29,COLGATE-UNIVERSITY
portal.colgate.edu26,149.43.134.29,COLGATE-UNIVERSITY
portal.colgate.edu3,149.43.134.29,COLGATE-UNIVERSITY
portal.colgate.edu12,149.43.134.29,COLGATE-UNIVERSITY
portal.colgate.edu17,149.43.134.29,COLGATE-UNIVERSITY
portal.colgate.edu31,149.43.134.29,COLGATE-UNIVERSITY
portal.colgate.edu23,149.43.134.29,COLGATE-UNIVERSITY
portal.colgate.edu15,149.43.134.29,COLGATE-UNIVERSITY
portal.colgate.edu16,149.43.134.29,COLGATE-UNIVERSITY
portal.colgate.edu19,149.43.134.29,COLGATE-UNIVERSITY
assets.bonad.io,23.60.1.142,AKAMAI-AS
static.cdn-expressen.se5,23.60.1.142,AKAMAI-AS
di.se13,34.117.105.189,GOOGLE-CLOUD-PLATFORM
cached-images.bonnier.news6,23.60.1.142,AKAMAI-AS
cached-images.bonnier.news25,23.60.1.142,AKAMAI-AS
di.se7,34.117.105.189,GOOGLE-CLOUD-PLATFORM
di.se8,34.117.105.189,GOOGLE-CLOUD-PLATFORM
cached-images.bonnier.news14,23.60.1.142,AKAMAI-AS
cached-images.bonnier.news11,23.60.1.142,AKAMAI-AS
di.se1,34.117.105.189,GOOGLE-CLOUD-PLATFORM
cached-images.bonnier.news1,23.60.1.142,AKAMAI-AS
di.se6,34.117.105.189,GOOGLE-CLOUD-PLATFORM
cached-images.bonnier.news21,23.60.1.142,AKAMAI-AS
cached-images.bonnier.news17,23.60.1.142,AKAMAI-AS
cached-images.bonnier.news13,23.60.1.142,AKAMAI-AS
di.se12,34.117.105.189,GOOGLE-CLOUD-PLATFORM
cached-images.bonnier.news18,23.60.1.142,AKAMAI-AS
cached-images.bonnier.news22,23.60.1.142,AKAMAI-AS
images.ctfassets.net1,108.138.106.75,AMAZON-02
static.cdn-expressen.se1,23.60.1.142,AKAMAI-AS
cached-images.bonnier.news23,23.60.1.142,AKAMAI-AS
static.cdn-expressen.se2,23.60.1.142,AKAMAI-AS
sdk.privacy-center.org,18.164.96.4,AMAZON-02
cached-images.bonnier.news2,23.60.1.142,AKAMAI-AS
cached-images.bonnier.news10,23.60.1.142,AKAMAI-AS
cached-images.bonnier.news26,23.60.1.142,AKAMAI-AS
cached-images.bonnier.news24,23.60.1.142,AKAMAI-AS
static.cdn-expressen.se4,23.60.1.142,AKAMAI-AS
di.se11,34.117.105.189,GOOGLE-CLOUD-PLATFORM
cached-images.bonnier.news9,23.60.1.142,AKAMAI-AS
cached-images.bonnier.news5,23.60.1.142,AKAMAI-AS
di.se,34.117.105.189,GOOGLE-CLOUD-PLATFORM
images.ctfassets.net3,108.138.106.44,AMAZON-02
di.se2,34.117.105.189,GOOGLE-CLOUD-PLATFORM
di.se10,34.117.105.189,GOOGLE-CLOUD-PLATFORM
cached-images.bonnier.news12,23.60.1.142,AKAMAI-AS
static.cdn-expressen.se,23.60.1.142,AKAMAI-AS
tracking.di.se,34.117.133.19,GOOGLE-CLOUD-PLATFORM
cached-images.bonnier.news19,23.60.1.142,AKAMAI-AS
cached-images.bonnier.news20,23.60.1.142,AKAMAI-AS
cached-images.bonnier.news3,23.60.1.142,AKAMAI-AS
di.se9,34.117.105.189,GOOGLE-CLOUD-PLATFORM
images.ctfassets.net2,108.138.106.39,AMAZON-02
cached-images.bonnier.news4,23.60.1.142,AKAMAI-AS
cached-images.bonnier.news7,23.60.1.142,AKAMAI-AS
static.cdn-expressen.se3,23.60.1.142,AKAMAI-AS
di.se4,34.117.105.189,GOOGLE-CLOUD-PLATFORM
di.se3,34.117.105.189,GOOGLE-CLOUD-PLATFORM
cached-images.bonnier.news16,23.60.1.142,AKAMAI-AS
images.ctfassets.net4,108.138.106.48,AMAZON-02
cached-images.bonnier.news27,23.60.1.142,AKAMAI-AS
images.ctfassets.net,108.138.106.48,AMAZON-02
cached-images.bonnier.news8,23.60.1.142,AKAMAI-AS
di.se5,34.117.105.189,GOOGLE-CLOUD-PLATFORM
static.cdn-expressen.se6,23.60.1.142,AKAMAI-AS
cached-images.bonnier.news15,23.60.1.142,AKAMAI-AS
cached-images.bonnier.news,23.60.1.142,AKAMAI-AS
static.cdninstagram.com24,31.13.71.52,FACEBOOK
static.cdninstagram.com8,31.13.71.52,FACEBOOK
static.cdninstagram.com2,31.13.71.52,FACEBOOK
static.cdninstagram.com10,31.13.71.52,FACEBOOK
instagram.com2,31.13.71.174,FACEBOOK
static.cdninstagram.com5,31.13.71.52,FACEBOOK
static.cdninstagram.com,31.13.71.52,FACEBOOK
instagram.com12,31.13.71.174,FACEBOOK
instagram.com13,31.13.71.174,FACEBOOK
static.cdninstagram.com9,31.13.71.52,FACEBOOK
static.cdninstagram.com15,31.13.71.52,FACEBOOK
instagram.com7,31.13.71.174,FACEBOOK
instagram.com6,31.13.71.174,FACEBOOK
instagram.com5,31.13.71.174,FACEBOOK
static.cdninstagram.com12,31.13.71.52,FACEBOOK
instagram.com4,31.13.71.174,FACEBOOK
static.cdninstagram.com4,31.13.71.52,FACEBOOK
instagram.com15,31.13.71.174,FACEBOOK
static.cdninstagram.com18,31.13.71.52,FACEBOOK
static.cdninstagram.com6,31.13.71.52,FACEBOOK
instagram.com14,31.13.71.174,FACEBOOK
static.cdninstagram.com11,31.13.71.52,FACEBOOK
facebook.com,31.13.71.36,FACEBOOK
static.cdninstagram.com22,31.13.71.52,FACEBOOK
static.cdninstagram.com21,31.13.71.52,FACEBOOK
static.cdninstagram.com3,31.13.71.52,FACEBOOK
static.cdninstagram.com23,31.13.71.52,FACEBOOK
instagram.com9,31.13.71.174,FACEBOOK
static.cdninstagram.com20,31.13.71.52,FACEBOOK
static.cdninstagram.com14,31.13.71.52,FACEBOOK
static.cdninstagram.com7,31.13.71.52,FACEBOOK
static.cdninstagram.com17,31.13.71.52,FACEBOOK
static.cdninstagram.com16,31.13.71.52,FACEBOOK
static.cdninstagram.com1,31.13.71.52,FACEBOOK
instagram.com8,31.13.71.174,FACEBOOK
static.cdninstagram.com13,31.13.71.52,FACEBOOK
instagram.com11,31.13.71.174,FACEBOOK
instagram.com10,31.13.71.174,FACEBOOK
instagram.com1,31.13.71.174,FACEBOOK
static.cdninstagram.com19,31.13.71.52,FACEBOOK
instagram.com,31.13.71.174,FACEBOOK
instagram.com3,31.13.71.174,FACEBOOK
mail.google.com11,142.250.80.101,GOOGLE
ssl.gstatic.com45,142.250.81.227,GOOGLE
mail.google.com72,142.250.80.101,GOOGLE
gstatic.com19,142.251.32.99,GOOGLE
lh3.google.com,172.217.165.142,GOOGLE
mail.google.com9,142.250.80.101,GOOGLE
waa-pa.clients6.google.com,142.251.32.106,GOOGLE
mail.google.com18,142.250.80.101,GOOGLE
play.google.com,142.250.65.206,GOOGLE
mail.google.com28,142.250.80.101,GOOGLE
mail.google.com41,142.250.80.101,GOOGLE
mail.google.com15,142.250.80.101,GOOGLE
mail.google.com3,142.250.80.101,GOOGLE
ssl.gstatic.com7,142.250.81.227,GOOGLE
mail.google.com19,142.250.80.101,GOOGLE
ssl.gstatic.com30,142.250.81.227,GOOGLE
ssl.gstatic.com12,142.250.81.227,GOOGLE
apis.google.com2,142.250.64.78,GOOGLE
mail.google.com49,142.250.80.101,GOOGLE
mail.google.com21,142.250.80.101,GOOGLE
fonts.gstatic.com2,142.250.80.67,GOOGLE
mail.google.com24,142.250.80.101,GOOGLE
mail.google.com36,142.250.80.101,GOOGLE
mail.google.com53,142.250.80.101,GOOGLE
mail.google.com7,142.250.80.101,GOOGLE
ssl.gstatic.com17,142.250.81.227,GOOGLE
fonts.gstatic.com4,142.250.80.67,GOOGLE
mail.google.com56,142.250.80.101,GOOGLE
mail.google.com,142.250.80.101,GOOGLE
mail.google.com20,142.250.80.101,GOOGLE
mail.google.com64,142.250.80.101,GOOGLE
signaler-pa.clients6.google.com1,142.250.81.234,GOOGLE
mail.google.com74,142.250.80.101,GOOGLE
fonts.gstatic.com,142.250.80.67,GOOGLE
mail.google.com52,142.250.80.101,GOOGLE
gstatic.com21,142.251.32.99,GOOGLE
gstatic.com,142.251.32.99,GOOGLE
mail.google.com10,142.250.80.101,GOOGLE
ssl.gstatic.com31,142.250.81.227,GOOGLE
gstatic.com23,142.251.32.99,GOOGLE
gstatic.com3,142.251.32.99,GOOGLE
ssl.gstatic.com24,142.250.81.227,GOOGLE
signaler-pa.clients6.google.com2,142.250.81.234,GOOGLE
gstatic.com8,142.251.32.99,GOOGLE
ssl.gstatic.com5,142.250.81.227,GOOGLE
addons-pa.clients6.google.com,142.250.72.106,GOOGLE
mail.google.com65,142.250.80.101,GOOGLE
mail.google.com32,142.250.80.101,GOOGLE
mail.google.com61,142.250.80.101,GOOGLE
mail.google.com12,142.250.80.101,GOOGLE
ogads-pa.clients6.google.com,142.251.40.170,GOOGLE
mail.google.com60,142.250.80.101,GOOGLE
ssl.gstatic.com27,142.250.81.227,GOOGLE
mail.google.com58,142.250.80.101,GOOGLE
gstatic.com11,142.251.32.99,GOOGLE
ssl.gstatic.com22,142.250.81.227,GOOGLE
mail.google.com70,142.250.80.101,GOOGLE
ssl.gstatic.com19,142.250.81.227,GOOGLE
lh3.googleusercontent.com,142.251.32.97,GOOGLE
mail.google.com30,142.250.80.101,GOOGLE
apis.google.com,142.250.64.78,GOOGLE
mail.google.com47,142.250.80.101,GOOGLE
mail.google.com23,142.250.80.101,GOOGLE
mail.google.com33,142.250.80.101,GOOGLE
ssl.gstatic.com46,142.250.81.227,GOOGLE
mail.google.com63,142.250.80.101,GOOGLE
lh3.googleusercontent.com1,142.251.32.97,GOOGLE
ssl.gstatic.com2,142.250.81.227,GOOGLE
ssl.gstatic.com44,142.250.81.227,GOOGLE
ssl.gstatic.com18,142.250.81.227,GOOGLE
people-pa.clients6.google.com,142.251.32.106,GOOGLE
mail.google.com39,142.250.80.101,GOOGLE
mail.google.com75,142.250.80.101,GOOGLE
ssl.gstatic.com23,142.250.81.227,GOOGLE
contacts.google.com2,142.250.64.78,GOOGLE
ssl.gstatic.com14,142.250.81.227,GOOGLE
mail.google.com69,142.250.80.101,GOOGLE
mail.google.com1,142.250.80.101,GOOGLE
gstatic.com1,142.251.32.99,GOOGLE
mail.google.com34,142.250.80.101,GOOGLE
ssl.gstatic.com4,142.250.81.227,GOOGLE
google.com1,142.250.80.78,GOOGLE
signaler-pa.clients6.google.com3,142.250.81.234,GOOGLE
ssl.gstatic.com42,142.250.81.227,GOOGLE
google.com,142.250.80.78,GOOGLE
accounts.google.com,142.251.16.84,GOOGLE
ssl.gstatic.com21,142.250.81.227,GOOGLE
mail.google.com48,142.250.80.101,GOOGLE
apis.google.com1,142.250.64.78,GOOGLE
gstatic.com20,142.251.32.99,GOOGLE
contacts.google.com3,142.250.64.78,GOOGLE
mail.google.com50,142.250.80.101,GOOGLE
signaler-pa.clients6.google.com,142.250.81.234,GOOGLE
gstatic.com22,142.251.32.99,GOOGLE
gstatic.com14,142.251.32.99,GOOGLE
ssl.gstatic.com25,142.250.81.227,GOOGLE
mail.google.com6,142.250.80.101,GOOGLE
gstatic.com4,142.251.32.99,GOOGLE
mail.google.com35,142.250.80.101,GOOGLE
mail.google.com22,142.250.80.101,GOOGLE
ssl.gstatic.com,142.250.81.227,GOOGLE
mail.google.com44,142.250.80.101,GOOGLE
mail.google.com37,142.250.80.101,GOOGLE
mail.google.com46,142.250.80.101,GOOGLE
ssl.gstatic.com32,142.250.81.227,GOOGLE
mail.google.com31,142.250.80.101,GOOGLE
gstatic.com5,142.251.32.99,GOOGLE
fonts.gstatic.com1,142.250.80.67,GOOGLE
gstatic.com12,142.251.32.99,GOOGLE
apis.google.com3,142.250.64.78,GOOGLE
mail.google.com73,142.250.80.101,GOOGLE
mail.google.com51,142.250.80.101,GOOGLE
gstatic.com13,142.251.32.99,GOOGLE
mail.google.com17,142.250.80.101,GOOGLE
mail.google.com43,142.250.80.101,GOOGLE
ssl.gstatic.com6,142.250.81.227,GOOGLE
gstatic.com17,142.251.32.99,GOOGLE
ssl.gstatic.com36,142.250.81.227,GOOGLE
mail.google.com55,142.250.80.101,GOOGLE
ssl.gstatic.com20,142.250.81.227,GOOGLE
fonts.googleapis.com,142.250.176.202,GOOGLE
gstatic.com25,142.251.32.99,GOOGLE
ssl.gstatic.com1,142.250.81.227,GOOGLE
gstatic.com7,142.251.32.99,GOOGLE
contacts.google.com,142.250.64.78,GOOGLE
mail.google.com27,142.250.80.101,GOOGLE
ssl.gstatic.com28,142.250.81.227,GOOGLE
ssl.gstatic.com43,142.250.81.227,GOOGLE
ogs.google.com,142.251.40.110,GOOGLE
ssl.gstatic.com9,142.250.81.227,GOOGLE
mail.google.com57,142.250.80.101,GOOGLE
ssl.gstatic.com16,142.250.81.227,GOOGLE
mail.google.com2,142.250.80.101,GOOGLE
ssl.gstatic.com38,142.250.81.227,GOOGLE
gstatic.com24,142.251.32.99,GOOGLE
gstatic.com15,142.251.32.99,GOOGLE
play.google.com1,142.250.65.206,GOOGLE
mail.google.com16,142.250.80.101,GOOGLE
mail.google.com13,142.250.80.101,GOOGLE
mail.google.com5,142.250.80.101,GOOGLE
ssl.gstatic.com13,142.250.81.227,GOOGLE
contacts.google.com1,142.250.64.78,GOOGLE
mail.google.com8,142.250.80.101,GOOGLE
play.google.com3,142.250.65.206,GOOGLE
gstatic.com16,142.251.32.99,GOOGLE
ssl.gstatic.com39,142.250.81.227,GOOGLE
ssl.gstatic.com34,142.250.81.227,GOOGLE
play.google.com2,142.250.65.206,GOOGLE
fonts.gstatic.com5,142.250.80.67,GOOGLE
gstatic.com9,142.251.32.99,GOOGLE
mail.google.com29,142.250.80.101,GOOGLE
mail.google.com54,142.250.80.101,GOOGLE
mail.google.com71,142.250.80.101,GOOGLE
mail.google.com62,142.250.80.101,GOOGLE
ssl.gstatic.com11,142.250.81.227,GOOGLE
mail-ads.google.com,142.250.72.101,GOOGLE
ssl.gstatic.com29,142.250.81.227,GOOGLE
ssl.gstatic.com10,142.250.81.227,GOOGLE
ssl.gstatic.com40,142.250.81.227,GOOGLE
fonts.gstatic.com3,142.250.80.67,GOOGLE
mail.google.com40,142.250.80.101,GOOGLE
ssl.gstatic.com15,142.250.81.227,GOOGLE
ssl.gstatic.com35,142.250.81.227,GOOGLE
ssl.gstatic.com37,142.250.81.227,GOOGLE
mail.google.com4,142.250.80.101,GOOGLE
gstatic.com2,142.251.32.99,GOOGLE
mail.google.com38,142.250.80.101,GOOGLE
ssl.gstatic.com41,142.250.81.227,GOOGLE
mail.google.com45,142.250.80.101,GOOGLE
mail.google.com67,142.250.80.101,GOOGLE
ssl.gstatic.com3,142.250.81.227,GOOGLE
contacts.google.com4,142.250.64.78,GOOGLE
ssl.gstatic.com8,142.250.81.227,GOOGLE
gstatic.com6,142.251.32.99,GOOGLE
gstatic.com18,142.251.32.99,GOOGLE
ssl.gstatic.com33,142.250.81.227,GOOGLE
gstatic.com10,142.251.32.99,GOOGLE
mail.google.com68,142.250.80.101,GOOGLE
mail.google.com66,142.250.80.101,GOOGLE
ssl.gstatic.com26,142.250.81.227,GOOGLE
mail.google.com14,142.250.80.101,GOOGLE
mail.google.com25,142.250.80.101,GOOGLE
fonts.gstatic.com6,142.250.80.67,GOOGLE
mail.google.com42,142.250.80.101,GOOGLE
mail.google.com26,142.250.80.101,GOOGLE
waa-pa.clients6.google.com1,142.251.32.106,GOOGLE
mail.google.com59,142.250.80.101,GOOGLE
colgate.edu32,149.43.129.4,COLGATE-UNIVERSITY
colgate.edu29,149.43.129.4,COLGATE-UNIVERSITY
colgate.edu20,149.43.129.4,COLGATE-UNIVERSITY
colgate.edu61,149.43.129.4,COLGATE-UNIVERSITY
colgate.edu10,149.43.129.2,COLGATE-UNIVERSITY
colgate.edu57,149.43.129.3,COLGATE-UNIVERSITY
colgate.edu27,149.43.129.3,COLGATE-UNIVERSITY
colgate.edu50,149.43.129.4,COLGATE-UNIVERSITY
colgate.edu22,149.43.129.2,COLGATE-UNIVERSITY
colgate.edu21,149.43.129.4,COLGATE-UNIVERSITY
colgate.edu3,149.43.129.4,COLGATE-UNIVERSITY
colgate.edu37,149.43.129.4,COLGATE-UNIVERSITY
colgate.edu19,149.43.129.3,COLGATE-UNIVERSITY
colgate.edu55,149.43.129.1,COLGATE-UNIVERSITY
colgate.edu40,149.43.129.3,COLGATE-UNIVERSITY
googletagmanager.com,142.251.40.200,GOOGLE
colgate.edu54,149.43.129.3,COLGATE-UNIVERSITY
js-agent.newrelic.com1,162.247.243.39,FASTLY
colgate.edu26,149.43.129.2,COLGATE-UNIVERSITY
colgate.edu11,149.43.129.3,COLGATE-UNIVERSITY
colgate.edu46,149.43.129.1,COLGATE-UNIVERSITY
colgate.edu58,149.43.129.1,COLGATE-UNIVERSITY
colgate.edu17,149.43.129.3,COLGATE-UNIVERSITY
colgate.edu31,149.43.129.1,COLGATE-UNIVERSITY
colgate.edu14,149.43.129.1,COLGATE-UNIVERSITY
localist-images.azureedge.net1,13.107.213.35,MICROSOFT-CORP-MSN-AS-BLOCK
colgate.edu42,149.43.129.2,COLGATE-UNIVERSITY
colgate.edu25,149.43.129.3,COLGATE-UNIVERSITY
colgate.edu6,149.43.129.4,COLGATE-UNIVERSITY
colgate.edu45,149.43.129.4,COLGATE-UNIVERSITY
colgate.edu39,149.43.129.2,COLGATE-UNIVERSITY
colgate.edu56,149.43.129.3,COLGATE-UNIVERSITY
colgate.edu30,149.43.129.4,COLGATE-UNIVERSITY
colgate.edu2,149.43.129.2,COLGATE-UNIVERSITY
colgate.edu16,149.43.129.4,COLGATE-UNIVERSITY
colgate.edu51,149.43.129.1,COLGATE-UNIVERSITY
colgate.edu43,149.43.129.1,COLGATE-UNIVERSITY
colgate.edu15,149.43.129.1,COLGATE-UNIVERSITY
colgate.edu4,149.43.129.1,COLGATE-UNIVERSITY
colgate.edu9,149.43.129.2,COLGATE-UNIVERSITY
localist-images.azureedge.net,13.107.246.35,MICROSOFT-CORP-MSN-AS-BLOCK
connect.facebook.net,31.13.71.7,FACEBOOK
colgate.edu47,149.43.129.2,COLGATE-UNIVERSITY
colgate.edu18,149.43.129.3,COLGATE-UNIVERSITY
colgate.edu60,149.43.129.2,COLGATE-UNIVERSITY
colgate.edu44,149.43.129.4,COLGATE-UNIVERSITY
colgate.edu53,149.43.129.1,COLGATE-UNIVERSITY
colgate.edu5,149.43.129.2,COLGATE-UNIVERSITY
js-agent.newrelic.com,162.247.243.39,FASTLY
colgate.edu28,149.43.129.4,COLGATE-UNIVERSITY
colgate.edu13,149.43.129.4,COLGATE-UNIVERSITY
colgate.edu24,149.43.129.2,COLGATE-UNIVERSITY
youvisit.com,13.226.34.4,AMAZON-02
colgate.edu59,149.43.129.4,COLGATE-UNIVERSITY
connect.facebook.net1,31.13.71.7,FACEBOOK
colgate.edu,149.43.129.4,COLGATE-UNIVERSITY
colgate.edu36,149.43.129.3,COLGATE-UNIVERSITY
colgate.edu48,149.43.129.3,COLGATE-UNIVERSITY
colgate.edu8,149.43.129.2,COLGATE-UNIVERSITY
pandas.pydata.org9,104.26.0.204,CLOUDFLARENET
pandas.pydata.org3,172.67.71.236,CLOUDFLARENET
pandas.pydata.org,104.26.1.204,CLOUDFLARENET
cdn.jsdelivr.net3,199.232.37.229,FASTLY
pandas.pydata.org12,104.26.0.204,CLOUDFLARENET
pandas.pydata.org5,104.26.1.204,CLOUDFLARENET
pandas.pydata.org1,104.26.0.204,CLOUDFLARENET
pandas.pydata.org10,104.26.1.204,CLOUDFLARENET
pandas.pydata.org13,104.26.0.204,CLOUDFLARENET
views.scientific-python.org,51.81.254.11,OVH
cdn.jsdelivr.net2,199.232.37.229,FASTLY
pandas.pydata.org11,104.26.0.204,CLOUDFLARENET
pandas.pydata.org8,104.26.1.204,CLOUDFLARENET
cdn.jsdelivr.net1,199.232.37.229,FASTLY
cdn.jsdelivr.net,199.232.37.229,FASTLY
pandas.pydata.org4,104.26.0.204,CLOUDFLARENET
views.scientific-python.org1,51.81.254.11,OVH
pandas.pydata.org2,104.26.0.204,CLOUDFLARENET
pandas.pydata.org15,172.67.71.236,CLOUDFLARENET
pandas.pydata.org7,104.26.1.204,CLOUDFLARENET
pandas.pydata.org6,172.67.71.236,CLOUDFLARENET
pandas.pydata.org14,104.26.1.204,CLOUDFLARENET
images.ctfassets.net6,108.138.106.48,AMAZON-02
notion.so34,172.64.148.154,CLOUDFLARENET
accounts.google.com1,142.251.16.84,GOOGLE
notion.so13,104.18.39.102,CLOUDFLARENET
notion.so44,172.64.148.154,CLOUDFLARENET
notion.so15,104.18.39.102,CLOUDFLARENET
images.ctfassets.net13,108.138.106.39,AMAZON-02
notion.so28,104.18.39.102,CLOUDFLARENET
notion.so37,172.64.148.154,CLOUDFLARENET
notion.so66,104.18.39.102,CLOUDFLARENET
notion.so26,172.64.148.154,CLOUDFLARENET
notion.so47,172.64.148.154,CLOUDFLARENET
notion.so38,104.18.39.102,CLOUDFLARENET
accounts.google.com4,142.251.16.84,GOOGLE
notion.so62,172.64.148.154,CLOUDFLARENET
notion.so58,172.64.148.154,CLOUDFLARENET
notion.so67,172.64.148.154,CLOUDFLARENET
images.ctfassets.net12,108.138.106.44,AMAZON-02
notion.so42,104.18.39.102,CLOUDFLARENET
notion.so23,172.64.148.154,CLOUDFLARENET
notion.so4,172.64.148.154,CLOUDFLARENET
notion.so74,172.64.148.154,CLOUDFLARENET
notion.so71,172.64.148.154,CLOUDFLARENET
notion.so78,104.18.39.102,CLOUDFLARENET
notion.so72,172.64.148.154,CLOUDFLARENET
notion.so75,104.18.39.102,CLOUDFLARENET
notion.so6,172.64.148.154,CLOUDFLARENET
accounts.google.com3,142.251.16.84,GOOGLE
notion.so5,172.64.148.154,CLOUDFLARENET
public.profitwell.com,18.238.49.117,AMAZON-02
notion.so36,172.64.148.154,CLOUDFLARENET
accounts.google.com2,142.251.16.84,GOOGLE
notion.so10,172.64.148.154,CLOUDFLARENET
notion.so49,172.64.148.154,CLOUDFLARENET
images.ctfassets.net1,108.138.106.48,AMAZON-02
notion.so33,172.64.148.154,CLOUDFLARENET
notion.so55,172.64.148.154,CLOUDFLARENET
notion.so20,104.18.39.102,CLOUDFLARENET
notion.so21,104.18.39.102,CLOUDFLARENET
accounts.google.com,142.251.16.84,GOOGLE
notion.so17,104.18.39.102,CLOUDFLARENET
images.ctfassets.net5,108.138.106.48,AMAZON-02
images.ctfassets.net8,108.138.106.44,AMAZON-02
notion.so39,172.64.148.154,CLOUDFLARENET
notion.so9,104.18.39.102,CLOUDFLARENET
exp.notion.so4,104.18.39.102,CLOUDFLARENET
notion.so19,172.64.148.154,CLOUDFLARENET
notion.so25,104.18.39.102,CLOUDFLARENET
notion.so52,104.18.39.102,CLOUDFLARENET
notion.so64,172.64.148.154,CLOUDFLARENET
exp.notion.so1,172.64.148.154,CLOUDFLARENET
notion.so35,104.18.39.102,CLOUDFLARENET
images.ctfassets.net9,108.138.106.48,AMAZON-02
notion.so31,172.64.148.154,CLOUDFLARENET
notion.so76,104.18.39.102,CLOUDFLARENET
notion.so43,172.64.148.154,CLOUDFLARENET
notion.so63,172.64.148.154,CLOUDFLARENET
notion.so27,104.18.39.102,CLOUDFLARENET
images.ctfassets.net3,108.138.106.44,AMAZON-02
notion.so73,104.18.39.102,CLOUDFLARENET
exp.notion.so6,172.64.148.154,CLOUDFLARENET
transcend-cdn.com,172.66.40.196,CLOUDFLARENET
notion.so59,104.18.39.102,CLOUDFLARENET
notion.so30,104.18.39.102,CLOUDFLARENET
o324374.ingest.sentry.io,34.120.195.249,GOOGLE-CLOUD-PLATFORM
notion.so57,172.64.148.154,CLOUDFLARENET
notion.so65,172.64.148.154,CLOUDFLARENET
notion.so70,172.64.148.154,CLOUDFLARENET
exp.notion.so5,172.64.148.154,CLOUDFLARENET
notion.so48,172.64.148.154,CLOUDFLARENET
exp.notion.so2,104.18.39.102,CLOUDFLARENET
notion.so45,104.18.39.102,CLOUDFLARENET
notion.so61,172.64.148.154,CLOUDFLARENET
notion.so50,104.18.39.102,CLOUDFLARENET
notion.so40,172.64.148.154,CLOUDFLARENET
notion.so32,172.64.148.154,CLOUDFLARENET
notion.so7,172.64.148.154,CLOUDFLARENET
notion.so11,104.18.39.102,CLOUDFLARENET
notion.so14,104.18.39.102,CLOUDFLARENET
notion.so46,172.64.148.154,CLOUDFLARENET
notion.so3,172.64.148.154,CLOUDFLARENET
images.ctfassets.net2,108.138.106.39,AMAZON-02
images.ctfassets.net7,108.138.106.48,AMAZON-02
notion.so60,172.64.148.154,CLOUDFLARENET
exp.notion.so,104.18.39.102,CLOUDFLARENET
notion.so29,172.64.148.154,CLOUDFLARENET
notion.so2,104.18.39.102,CLOUDFLARENET
notion.so54,104.18.39.102,CLOUDFLARENET
notion.so1,104.18.39.102,CLOUDFLARENET
exp.notion.so3,104.18.39.102,CLOUDFLARENET
notion.so16,104.18.39.102,CLOUDFLARENET
notion.so68,172.64.148.154,CLOUDFLARENET
notion.so8,172.64.148.154,CLOUDFLARENET
exp.notion.so8,104.18.39.102,CLOUDFLARENET
notion.so18,104.18.39.102,CLOUDFLARENET
notion.so12,172.64.148.154,CLOUDFLARENET
notion.so22,104.18.39.102,CLOUDFLARENET
notion.so77,104.18.39.102,CLOUDFLARENET
images.ctfassets.net4,108.138.106.44,AMAZON-02
notion.so41,104.18.39.102,CLOUDFLARENET
images.ctfassets.net,108.138.106.39,AMAZON-02
notion.so51,104.18.39.102,CLOUDFLARENET
images.ctfassets.net11,108.138.106.48,AMAZON-02
notion.so24,104.18.39.102,CLOUDFLARENET
notion.so69,172.64.148.154,CLOUDFLARENET
notion.so53,104.18.39.102,CLOUDFLARENET
notion.so,104.18.39.102,CLOUDFLARENET
notion.so56,104.18.39.102,CLOUDFLARENET
images.ctfassets.net10,108.138.106.48,AMAZON-02
exp.notion.so7,172.64.148.154,CLOUDFLARENET
api.dineoncampus.com5,104.26.8.15,CLOUDFLARENET
dineoncampus.com,104.26.9.15,CLOUDFLARENET
facebook.com1,31.13.71.36,FACEBOOK
static.xx.fbcdn.net16,31.13.71.7,FACEBOOK
scontent-lga3-2.xx.fbcdn.net8,157.240.241.1,FACEBOOK
api.dineoncampus.com,104.26.8.15,CLOUDFLARENET
dineoncampus.com7,172.67.69.131,CLOUDFLARENET
dineoncampus.com10,104.26.9.15,CLOUDFLARENET
scontent-lga3-1.xx.fbcdn.net9,31.13.71.7,FACEBOOK
static.xx.fbcdn.net4,31.13.71.7,FACEBOOK
static.xx.fbcdn.net20,31.13.71.7,FACEBOOK
scontent-lga3-2.xx.fbcdn.net5,157.240.241.1,FACEBOOK
scontent-lga3-2.xx.fbcdn.net1,157.240.241.1,FACEBOOK
scontent-lga3-1.xx.fbcdn.net10,31.13.71.7,FACEBOOK
static.xx.fbcdn.net13,31.13.71.7,FACEBOOK
api.dineoncampus.com4,104.26.8.15,CLOUDFLARENET
api.dineoncampus.com8,104.26.9.15,CLOUDFLARENET
hello.myfonts.net,104.18.208.173,CLOUDFLARENET
dineoncampus.com1,172.67.69.131,CLOUDFLARENET
scontent-lga3-2.xx.fbcdn.net6,157.240.241.1,FACEBOOK
static.xx.fbcdn.net17,31.13.71.7,FACEBOOK
gstatic.com,142.251.32.99,GOOGLE
static.xx.fbcdn.net5,31.13.71.7,FACEBOOK
dineoncampus.com5,104.26.9.15,CLOUDFLARENET
scontent-lga3-1.xx.fbcdn.net3,31.13.71.7,FACEBOOK
scontent-lga3-1.xx.fbcdn.net4,31.13.71.7,FACEBOOK
googletagmanager.com,142.251.40.200,GOOGLE
static.xx.fbcdn.net18,31.13.71.7,FACEBOOK
dineoncampus.com15,172.67.69.131,CLOUDFLARENET
static.xx.fbcdn.net9,31.13.71.7,FACEBOOK
api.dineoncampus.com10,104.26.8.15,CLOUDFLARENET
static.xx.fbcdn.net19,31.13.71.7,FACEBOOK
dineoncampus.com9,104.26.9.15,CLOUDFLARENET
facebook.com2,31.13.71.36,FACEBOOK
scontent-lga3-1.xx.fbcdn.net,31.13.71.7,FACEBOOK
dineoncampus.com2,104.26.9.15,CLOUDFLARENET
scontent-lga3-1.xx.fbcdn.net5,31.13.71.7,FACEBOOK
api.dineoncampus.com9,172.67.69.131,CLOUDFLARENET
scontent-lga3-2.xx.fbcdn.net2,157.240.241.1,FACEBOOK
scontent-lga3-1.xx.fbcdn.net1,31.13.71.7,FACEBOOK
static.xx.fbcdn.net1,31.13.71.7,FACEBOOK
scontent-lga3-2.xx.fbcdn.net,157.240.241.1,FACEBOOK
api.dineoncampus.com6,172.67.69.131,CLOUDFLARENET
google.com,142.250.80.78,GOOGLE
static.xx.fbcdn.net27,31.13.71.7,FACEBOOK
scontent-lga3-1.xx.fbcdn.net6,31.13.71.7,FACEBOOK
dineoncampus.com12,172.67.69.131,CLOUDFLARENET
static.xx.fbcdn.net28,31.13.71.7,FACEBOOK
dineoncampus.com13,104.26.9.15,CLOUDFLARENET
static.xx.fbcdn.net2,31.13.71.7,FACEBOOK
static.xx.fbcdn.net25,31.13.71.7,FACEBOOK
sentry.io1,35.186.247.156,GOOGLE
dineoncampus.com6,104.26.8.15,CLOUDFLARENET
static.xx.fbcdn.net,31.13.71.7,FACEBOOK
static.xx.fbcdn.net24,31.13.71.7,FACEBOOK
static.xx.fbcdn.net22,31.13.71.7,FACEBOOK
static.xx.fbcdn.net6,31.13.71.7,FACEBOOK
facebook.com,31.13.71.36,FACEBOOK
dineoncampus.com11,104.26.9.15,CLOUDFLARENET
fonts.googleapis.com2,142.250.176.202,GOOGLE
static.xx.fbcdn.net8,31.13.71.7,FACEBOOK
static.xx.fbcdn.net7,31.13.71.7,FACEBOOK
static.xx.fbcdn.net26,31.13.71.7,FACEBOOK
static.xx.fbcdn.net12,31.13.71.7,FACEBOOK
static.xx.fbcdn.net15,31.13.71.7,FACEBOOK
static.xx.fbcdn.net14,31.13.71.7,FACEBOOK
dineoncampus.com8,172.67.69.131,CLOUDFLARENET
fonts.googleapis.com,142.250.176.202,GOOGLE
static.xx.fbcdn.net3,31.13.71.7,FACEBOOK
scontent-lga3-1.xx.fbcdn.net2,31.13.71.7,FACEBOOK
dineoncampus.com16,172.67.69.131,CLOUDFLARENET
api.dineoncampus.com2,104.26.8.15,CLOUDFLARENET
scontent-lga3-2.xx.fbcdn.net7,157.240.241.1,FACEBOOK
fonts.googleapis.com1,142.250.176.202,GOOGLE
static.xx.fbcdn.net21,31.13.71.7,FACEBOOK
sentry.io,35.186.247.156,GOOGLE
scontent-lga3-2.xx.fbcdn.net3,157.240.241.1,FACEBOOK
scontent-lga3-1.xx.fbcdn.net7,31.13.71.7,FACEBOOK
scontent-lga3-2.xx.fbcdn.net11,157.240.241.1,FACEBOOK
scontent-lga3-2.xx.fbcdn.net9,157.240.241.1,FACEBOOK
api.dineoncampus.com7,104.26.8.15,CLOUDFLARENET
dineoncampus.com14,104.26.8.15,CLOUDFLARENET
google-analytics.com,142.250.80.36,GOOGLE
static.xx.fbcdn.net11,31.13.71.7,FACEBOOK
api.dineoncampus.com3,172.67.69.131,CLOUDFLARENET
api.dineoncampus.com1,104.26.8.15,CLOUDFLARENET
scontent-lga3-2.xx.fbcdn.net10,157.240.241.1,FACEBOOK
scontent-lga3-1.xx.fbcdn.net8,31.13.71.7,FACEBOOK
static.xx.fbcdn.net23,31.13.71.7,FACEBOOK
dineoncampus.com4,104.26.8.15,CLOUDFLARENET
dineoncampus.com3,104.26.8.15,CLOUDFLARENET
scontent-lga3-2.xx.fbcdn.net4,157.240.241.1,FACEBOOK
static.xx.fbcdn.net10,31.13.71.7,FACEBOOK
buff.163.com23,52.10.244.182,AMAZON-02
g.fp.ps.netease.com4,23.205.20.151,AKAMAI-AS
g.fp.ps.netease.com9,23.205.20.151,AKAMAI-AS
buff.163.com11,52.10.244.182,AMAZON-02
g.fp.ps.netease.com8,23.205.20.151,AKAMAI-AS
buff.163.com15,44.239.175.199,AMAZON-02
market.fp.ps.netease.com8,47.246.23.233,TAOBAO Zhejiang Taobao Network Co.
market.fp.ps.netease.com9,47.246.23.231,TAOBAO Zhejiang Taobao Network Co.
urswebzj.nosdn.127.net,128.1.157.229,ZEN-ECN
g.fp.ps.netease.com1,23.205.20.151,AKAMAI-AS
buff.163.com8,44.239.175.199,AMAZON-02
buff.163.com4,44.239.175.199,AMAZON-02
g.fp.ps.netease.com2,23.205.20.151,AKAMAI-AS
market.fp.ps.netease.com4,47.246.23.232,TAOBAO Zhejiang Taobao Network Co.
buff.163.com19,44.239.175.199,AMAZON-02
buff.163.com25,52.10.244.182,AMAZON-02
g.fp.ps.netease.com14,23.205.20.151,AKAMAI-AS
buff.163.com13,52.10.244.182,AMAZON-02
g.fp.ps.netease.com18,23.205.20.151,AKAMAI-AS
market.fp.ps.netease.com11,47.246.23.235,TAOBAO Zhejiang Taobao Network Co.
g.fp.ps.netease.com5,23.205.20.151,AKAMAI-AS
buff.163.com18,44.239.175.199,AMAZON-02
websource.nie.netease.com,45.253.118.213,NETEASE-NETWORK NetEase Building No.16 Ke Yun Road
buff.163.com6,44.239.175.199,AMAZON-02
buff.163.com10,44.239.175.199,AMAZON-02
g.fp.ps.netease.com13,23.205.20.151,AKAMAI-AS
buff.163.com7,52.10.244.182,AMAZON-02
buff.163.com26,44.239.175.199,AMAZON-02
buff.163.com20,44.239.175.199,AMAZON-02
buff.163.com22,44.239.175.199,AMAZON-02
buff.163.com5,44.239.175.199,AMAZON-02
market.fp.ps.netease.com6,47.246.23.237,TAOBAO Zhejiang Taobao Network Co.
g.fp.ps.netease.com6,23.205.20.151,AKAMAI-AS
g.fp.ps.netease.com,23.205.20.151,AKAMAI-AS
buff.163.com16,52.10.244.182,AMAZON-02
market.fp.ps.netease.com1,47.246.23.234,TAOBAO Zhejiang Taobao Network Co.
market.fp.ps.netease.com,47.246.23.238,TAOBAO Zhejiang Taobao Network Co.
g.fp.ps.netease.com17,23.205.20.151,AKAMAI-AS
g.fp.ps.netease.com12,23.205.20.151,AKAMAI-AS
buff.163.com12,44.239.175.199,AMAZON-02
buff.163.com14,44.239.175.199,AMAZON-02
market.fp.ps.netease.com10,47.246.23.231,TAOBAO Zhejiang Taobao Network Co.
market.fp.ps.netease.com2,47.246.23.238,TAOBAO Zhejiang Taobao Network Co.
market.fp.ps.netease.com3,47.246.23.237,TAOBAO Zhejiang Taobao Network Co.
market.fp.ps.netease.com5,47.246.23.238,TAOBAO Zhejiang Taobao Network Co.
g.fp.ps.netease.com7,23.205.20.151,AKAMAI-AS
g.fp.ps.netease.com15,23.205.20.151,AKAMAI-AS
buff.163.com3,52.10.244.182,AMAZON-02
buff.163.com9,44.239.175.199,AMAZON-02
buff.163.com21,44.239.175.199,AMAZON-02
buff.163.com,52.10.244.182,AMAZON-02
market.fp.ps.netease.com7,47.246.23.231,TAOBAO Zhejiang Taobao Network Co.
buff.163.com2,44.239.175.199,AMAZON-02
g.fp.ps.netease.com16,23.205.20.151,AKAMAI-AS
g.fp.ps.netease.com3,23.205.20.151,AKAMAI-AS
g.fp.ps.netease.com11,23.205.20.151,AKAMAI-AS
buff.163.com24,52.10.244.182,AMAZON-02
buff.163.com17,52.10.244.182,AMAZON-02
buff.163.com1,52.10.244.182,AMAZON-02
g.fp.ps.netease.com10,23.205.20.151,AKAMAI-AS
cdn.oaistatic.com15,172.64.146.98,CLOUDFLARENET
ab.chatgpt.com1,172.64.155.141,CLOUDFLARENET
chat.openai.com10,104.18.37.228,CLOUDFLARENET
cdn.oaistatic.com6,104.18.41.158,CLOUDFLARENET
cdn.oaistatic.com5,172.64.146.98,CLOUDFLARENET
chat.openai.com8,104.18.37.228,CLOUDFLARENET
chat.openai.com15,104.18.37.228,CLOUDFLARENET
chat.openai.com3,172.64.150.28,CLOUDFLARENET
ab.chatgpt.com4,104.18.32.115,CLOUDFLARENET
cdn.oaistatic.com9,172.64.146.98,CLOUDFLARENET
js.intercomcdn.com1,108.139.47.21,AMAZON-02
ab.chatgpt.com7,172.64.155.141,CLOUDFLARENET
cdn.oaistatic.com13,172.64.146.98,CLOUDFLARENET
ab.chatgpt.com5,172.64.155.141,CLOUDFLARENET
cdn.oaistatic.com12,172.64.146.98,CLOUDFLARENET
chat.openai.com1,172.64.150.28,CLOUDFLARENET
chat.openai.com6,104.18.37.228,CLOUDFLARENET
chat.openai.com14,172.64.150.28,CLOUDFLARENET
cdn.oaistatic.com3,172.64.146.98,CLOUDFLARENET
cdn.oaistatic.com4,172.64.146.98,CLOUDFLARENET
ab.chatgpt.com3,104.18.32.115,CLOUDFLARENET
chat.openai.com9,104.18.37.228,CLOUDFLARENET
js.intercomcdn.com,108.139.47.21,AMAZON-02
chat.openai.com2,172.64.150.28,CLOUDFLARENET
cdn.oaistatic.com8,172.64.146.98,CLOUDFLARENET
cdn.oaistatic.com14,172.64.146.98,CLOUDFLARENET
chat.openai.com11,104.18.37.228,CLOUDFLARENET
cdn.oaistatic.com11,104.18.41.158,CLOUDFLARENET
ab.chatgpt.com,172.64.155.141,CLOUDFLARENET
ab.chatgpt.com2,172.64.155.141,CLOUDFLARENET
chat.openai.com12,104.18.37.228,CLOUDFLARENET
chat.openai.com7,104.18.37.228,CLOUDFLARENET
chat.openai.com13,172.64.150.28,CLOUDFLARENET
cdn.oaistatic.com10,104.18.41.158,CLOUDFLARENET
ab.chatgpt.com6,172.64.155.141,CLOUDFLARENET
cdn.oaistatic.com7,172.64.146.98,CLOUDFLARENET
chat.openai.com5,172.64.150.28,CLOUDFLARENET
cdn.oaistatic.com1,104.18.41.158,CLOUDFLARENET
chat.openai.com,104.18.37.228,CLOUDFLARENET
chat.openai.com4,172.64.150.28,CLOUDFLARENET
cdn.oaistatic.com2,172.64.146.98,CLOUDFLARENET
cdn.oaistatic.com,104.18.41.158,CLOUDFLARENET
widget.intercom.io,13.226.34.3,AMAZON-02
