,Domain,IP,ASName
0,moodle.colgate.edu,54.89.189.110,AMAZON-AES
1,colgate.edu,149.43.129.1,COLGATE-UNIVERSITY
2,portal.colgate.edu,149.43.134.29,COLGATE-UNIVERSITY
3,google.com,142.250.64.78,GOOGLE
4,instagram.com,31.13.71.174,FACEBOOK
5,netflix.com,54.160.93.182,AMAZON-AES
6,amazon.com,54.239.28.85,AMAZON-02
7,dineoncampus.com,104.26.8.15,CLOUDFLARENET
8,gradescope.com,35.161.191.170,AMAZON-02
9,gmail.com,142.251.40.229,GOOGLE
10,chat.openai.com,104.18.37.228,CLOUDFLARENET
11,youtube.com,142.250.81.238,GOOGLE
12,linkedin.com,13.107.42.14,MICROSOFT-CORP-MSN-AS-BLOCK
13,docs.google.com,142.251.40.110,GOOGLE
14,open.spotify.com,23.44.133.185,AKAMAI-ASN1
15,x.com,104.244.42.1,TWITTER
16,buff.163.com,44.238.241.81,AMAZON-02
17,di.se,34.117.105.189,GOOGLE-CLOUD-PLATFORM
18,docs.google.com,142.251.40.110,GOOGLE
19,www.notion.so,104.18.39.102,CLOUDFLARENET
20,github.com,140.82.113.4,GITHUB
21,drive.google.com,142.251.40.174,GOOGLE
22,pandas.pydata.org,104.26.0.204,CLOUDFLARENET
0,facebook.com1,31.13.71.36,FACEBOOK
1,geolocation.onetrust.com,172.64.155.119,CLOUDFLARENET
2,assets.nflxext.com4,45.57.91.1,NETFLIX-ASN
3,assets.nflxext.com1,45.57.90.1,NETFLIX-ASN
4,ae.nflximg.net1,23.205.22.93,AKAMAI-AS
5,assets.nflxext.com5,45.57.90.1,NETFLIX-ASN
6,ae.nflximg.net,23.205.22.93,AKAMAI-AS
7,assets.nflxext.com12,45.57.91.1,NETFLIX-ASN
8,cdn.cookielaw.org1,104.19.178.52,CLOUDFLARENET
9,assets.nflxext.com14,45.57.90.1,AS-SSI
10,googletagmanager.com,142.251.40.200,GOOGLE
11,ichnaea-web.netflix.com1,18.224.245.197,AMAZON-02
12,logs.netflix.com1,18.223.242.221,AMAZON-02
13,ichnaea-web.netflix.com,3.133.74.206,AMAZON-02
14,netflix.com2,3.225.92.8,AMAZON-AES
15,logs.netflix.com4,18.223.242.221,AMAZON-02
16,logs.netflix.com3,3.133.193.154,AMAZON-02
17,cdn.cookielaw.org,104.19.178.52,CLOUDFLARENET
18,facebook.com,31.13.71.36,FACEBOOK
19,assets.nflxext.com6,45.57.91.1,NETFLIX-ASN
20,assets.nflxext.com7,45.57.91.1,AS-SSI
21,assets.nflxext.com8,45.57.90.1,NETFLIX-ASN
22,assets.nflxext.com,45.57.91.1,NETFLIX-ASN
23,assets.nflxext.com9,45.57.90.1,NETFLIX-ASN
24,cdn.cookielaw.org2,104.19.177.52,CLOUDFLARENET
25,logs.netflix.com2,3.133.193.154,AMAZON-02
26,netflix.com1,54.160.93.182,AMAZON-AES
27,assets.nflxext.com13,45.57.90.1,NETFLIX-ASN
28,assets.nflxext.com15,45.57.91.1,NETFLIX-ASN
29,assets.nflxext.com2,45.57.91.1,NETFLIX-ASN
30,assets.nflxext.com3,45.57.91.1,AS-SSI
31,logs.netflix.com,18.223.242.221,AMAZON-02
32,netflix.com,54.160.93.182,AMAZON-AES
33,assets.nflxext.com10,45.57.90.1,AS-SSI
34,assets.nflxext.com11,45.57.90.1,NETFLIX-ASN
35,occ-0-1948-444.1.nflxso.net,199.109.99.18,NYSERNET-BLK
36,ssl.gstatic.com45,142.250.81.227,GOOGLE
37,lh3.google.com,172.217.165.142,GOOGLE
38,waa-pa.clients6.google.com,142.251.32.106,GOOGLE
39,play.google.com,142.250.65.206,GOOGLE
40,ssl.gstatic.com7,142.250.81.227,GOOGLE
41,play.google.com4,142.250.65.206,GOOGLE
42,ssl.gstatic.com30,142.250.81.227,GOOGLE
43,ssl.gstatic.com12,142.250.81.227,GOOGLE
44,apis.google.com2,142.250.64.78,GOOGLE
45,fonts.gstatic.com2,142.250.80.67,GOOGLE
46,ssl.gstatic.com47,142.250.81.227,GOOGLE
47,ssl.gstatic.com17,142.250.81.227,GOOGLE
48,fonts.gstatic.com4,142.250.80.67,GOOGLE
49,docs.google.com6,142.250.72.110,GOOGLE
50,docs.google.com,142.250.72.110,GOOGLE
51,docs.google.com8,142.250.72.110,GOOGLE
52,fonts.gstatic.com,142.250.80.67,GOOGLE
53,docs.google.com1,142.250.72.110,GOOGLE
54,docs.google.com5,142.250.72.110,GOOGLE
55,gstatic.com,142.251.32.99,GOOGLE
56,clients6.google.com,142.251.40.238,GOOGLE
57,ssl.gstatic.com31,142.250.81.227,GOOGLE
58,gstatic.com3,142.251.32.99,GOOGLE
59,ssl.gstatic.com56,142.250.81.227,GOOGLE
60,ssl.gstatic.com24,142.250.81.227,GOOGLE
61,clients6.google.com2,142.251.40.238,GOOGLE
62,docs.google.com13,142.250.72.110,GOOGLE
63,ssl.gstatic.com5,142.250.81.227,GOOGLE
64,docs.google.com11,142.250.72.110,GOOGLE
65,ogads-pa.clients6.google.com,142.250.81.234,GOOGLE
66,ssl.gstatic.com27,142.250.81.227,GOOGLE
67,ssl.gstatic.com22,142.250.81.227,GOOGLE
68,ssl.gstatic.com19,142.250.81.227,GOOGLE
69,lh3.googleusercontent.com,142.251.32.97,GOOGLE
70,apis.google.com,142.250.64.78,GOOGLE
71,ssl.gstatic.com46,142.250.81.227,GOOGLE
72,ssl.gstatic.com2,142.250.81.227,GOOGLE
73,ssl.gstatic.com44,142.250.81.227,GOOGLE
74,ssl.gstatic.com57,142.250.81.227,GOOGLE
75,ssl.gstatic.com48,142.250.81.227,GOOGLE
76,ssl.gstatic.com18,142.250.81.227,GOOGLE
77,docs.google.com12,142.250.72.110,GOOGLE
78,ssl.gstatic.com23,142.250.81.227,GOOGLE
79,ssl.gstatic.com14,142.250.81.227,GOOGLE
80,gstatic.com1,142.251.32.99,GOOGLE
81,ssl.gstatic.com4,142.250.81.227,GOOGLE
82,ssl.gstatic.com42,142.250.81.227,GOOGLE
83,google.com,142.250.80.78,GOOGLE
84,accounts.google.com,142.251.16.84,GOOGLE
85,clients6.google.com5,142.251.40.238,GOOGLE
86,clients6.google.com1,142.251.40.238,GOOGLE
87,ssl.gstatic.com21,142.250.81.227,GOOGLE
88,docs.google.com4,142.250.72.110,GOOGLE
89,apis.google.com1,142.250.64.78,GOOGLE
90,ssl.gstatic.com54,142.250.81.227,GOOGLE
91,ssl.gstatic.com49,142.250.81.227,GOOGLE
92,signaler-pa.clients6.google.com,142.251.32.106,GOOGLE
93,ssl.gstatic.com25,142.250.81.227,GOOGLE
94,ssl.gstatic.com,142.250.81.227,GOOGLE
95,docs.google.com2,142.250.72.110,GOOGLE
96,ssl.gstatic.com50,142.250.81.227,GOOGLE
97,ssl.gstatic.com32,142.250.81.227,GOOGLE
98,ssl.gstatic.com52,142.250.81.227,GOOGLE
99,ssl.gstatic.com59,142.250.81.227,GOOGLE
100,docs.google.com14,142.250.72.110,GOOGLE
101,docs.google.com3,142.250.72.110,GOOGLE
102,fonts.gstatic.com1,142.250.80.67,GOOGLE
103,ssl.gstatic.com51,142.250.81.227,GOOGLE
104,ssl.gstatic.com6,142.250.81.227,GOOGLE
105,ssl.gstatic.com36,142.250.81.227,GOOGLE
106,ssl.gstatic.com20,142.250.81.227,GOOGLE
107,fonts.googleapis.com,142.250.176.202,GOOGLE
108,ssl.gstatic.com1,142.250.81.227,GOOGLE
109,ssl.gstatic.com58,142.250.81.227,GOOGLE
110,docs.google.com9,142.250.72.110,GOOGLE
111,ssl.gstatic.com28,142.250.81.227,GOOGLE
112,ssl.gstatic.com43,142.250.81.227,GOOGLE
113,ssl.gstatic.com9,142.250.81.227,GOOGLE
114,ssl.gstatic.com16,142.250.81.227,GOOGLE
115,ssl.gstatic.com38,142.250.81.227,GOOGLE
116,play.google.com1,142.250.65.206,GOOGLE
117,clients6.google.com4,142.251.40.238,GOOGLE
118,ssl.gstatic.com13,142.250.81.227,GOOGLE
119,clients6.google.com3,142.251.40.238,GOOGLE
120,play.google.com3,142.250.65.206,GOOGLE
121,docs.google.com10,142.250.72.110,GOOGLE
122,ssl.gstatic.com39,142.250.81.227,GOOGLE
123,ssl.gstatic.com34,142.250.81.227,GOOGLE
124,play.google.com2,142.250.65.206,GOOGLE
125,ssl.gstatic.com53,142.250.81.227,GOOGLE
126,docs.google.com7,142.250.72.110,GOOGLE
127,fonts.gstatic.com5,142.250.80.67,GOOGLE
128,ssl.gstatic.com11,142.250.81.227,GOOGLE
129,ssl.gstatic.com29,142.250.81.227,GOOGLE
130,ssl.gstatic.com10,142.250.81.227,GOOGLE
131,ssl.gstatic.com40,142.250.81.227,GOOGLE
132,fonts.gstatic.com3,142.250.80.67,GOOGLE
133,ssl.gstatic.com15,142.250.81.227,GOOGLE
134,docs.google.com15,142.250.72.110,GOOGLE
135,ssl.gstatic.com35,142.250.81.227,GOOGLE
136,ssl.gstatic.com37,142.250.81.227,GOOGLE
137,gstatic.com2,142.251.32.99,GOOGLE
138,ssl.gstatic.com41,142.250.81.227,GOOGLE
139,play.google.com6,142.250.65.206,GOOGLE
140,ssl.gstatic.com3,142.250.81.227,GOOGLE
141,ssl.gstatic.com55,142.250.81.227,GOOGLE
142,ssl.gstatic.com8,142.250.81.227,GOOGLE
143,ssl.gstatic.com33,142.250.81.227,GOOGLE
144,ssl.gstatic.com26,142.250.81.227,GOOGLE
145,waa-pa.clients6.google.com1,142.251.40.106,GOOGLE
146,play.google.com5,142.250.65.206,GOOGLE
147,moodle.colgate.edu4,44.195.107.51,AMAZON-AES
148,moodle.colgate.edu2,44.195.107.51,AMAZON-AES
149,moodle.colgate.edu9,44.195.107.51,AMAZON-AES
150,moodle.colgate.edu1,44.195.107.51,AMAZON-AES
151,moodle.colgate.edu16,54.87.198.165,AMAZON-AES
152,moodle.colgate.edu13,44.195.107.51,AMAZON-AES
153,cdn.jsdelivr.net3,199.232.37.229,FASTLY
154,moodle.colgate.edu14,44.195.107.51,AMAZON-AES
155,moodle.colgate.edu11,44.195.107.51,AMAZON-AES
156,moodle.colgate.edu7,44.195.107.51,AMAZON-AES
157,moodle.colgate.edu5,54.87.198.165,AMAZON-AES
158,moodle.colgate.edu10,44.195.107.51,AMAZON-AES
159,cdn.jsdelivr.net2,199.232.37.229,FASTLY
160,moodle.colgate.edu12,44.195.107.51,AMAZON-AES
161,ajax.googleapis.com,142.250.80.74,GOOGLE
162,moodle.colgate.edu8,54.87.198.165,AMAZON-AES
163,moodle.colgate.edu18,44.195.107.51,AMAZON-AES
164,cdn.jsdelivr.net1,199.232.37.229,FASTLY
165,moodle.colgate.edu6,54.87.198.165,AMAZON-AES
166,cdn.jsdelivr.net,199.232.37.229,FASTLY
167,moodle.colgate.edu3,44.195.107.51,AMAZON-AES
168,moodle.colgate.edu17,54.87.198.165,AMAZON-AES
169,moodle.colgate.edu,54.87.198.165,AMAZON-AES
170,moodle.colgate.edu15,54.87.198.165,AMAZON-AES
171,cdn.turnitin.com,18.238.49.116,AMAZON-02
172,cdn.gradescope.com58,18.238.49.7,AMAZON-02
173,sessions.bugsnag.com,35.190.88.7,GOOGLE
174,cdn.gradescope.com43,18.238.49.7,AMAZON-02
175,cdn.gradescope.com44,18.238.49.17,AMAZON-02
176,gradescope.com1,44.233.22.27,AMAZON-02
177,cdn.gradescope.com52,18.238.49.17,AMAZON-02
178,gradescope-static-assets.s3.amazonaws.com7,52.92.163.89,AMAZON-02
179,cdn.gradescope.com20,18.238.49.67,AMAZON-02
180,web-sdk.aptrinsic.com,35.190.35.221,GOOGLE
181,cdn.gradescope.com,18.238.49.67,AMAZON-02
182,gradescope-static-assets.s3.amazonaws.com8,52.92.152.185,AMAZON-02
183,cdn.gradescope.com7,18.238.49.7,AMAZON-02
184,gradescope-static-assets.s3.amazonaws.com2,52.92.160.185,AMAZON-02
185,cdn.gradescope.com29,18.238.49.7,AMAZON-02
186,cdn.gradescope.com35,18.238.49.17,AMAZON-02
187,cdn.gradescope.com57,18.238.49.67,AMAZON-02
188,cdn.gradescope.com15,18.238.49.7,AMAZON-02
189,gradescope-static-assets.s3.amazonaws.com1,52.92.208.41,AMAZON-02
190,cdn.gradescope.com11,18.238.49.35,AMAZON-02
191,cdn.gradescope.com36,18.238.49.7,AMAZON-02
192,cdn.gradescope.com24,18.238.49.17,AMAZON-02
193,googletagmanager.com,142.251.40.200,GOOGLE
194,cdn.gradescope.com37,18.238.49.67,AMAZON-02
195,cdn.gradescope.com39,18.238.49.35,AMAZON-02
196,gradescope-static-assets.s3.amazonaws.com3,52.218.181.59,AMAZON-02
197,cdn.gradescope.com9,18.238.49.17,AMAZON-02
198,gradescope-static-assets.s3.amazonaws.com9,52.92.206.41,AMAZON-02
199,cdn.gradescope.com33,18.238.49.7,AMAZON-02
200,cdn.gradescope.com3,18.238.49.67,AMAZON-02
201,cdn.gradescope.com1,18.238.49.7,AMAZON-02
202,cdn.turnitin.com2,18.238.49.109,AMAZON-02
203,static.turnitin.com,13.35.93.68,AMAZON-02
204,cdn.gradescope.com53,18.238.49.35,AMAZON-02
205,cdn.gradescope.com22,18.238.49.7,AMAZON-02
206,cdn.gradescope.com6,18.238.49.67,AMAZON-02
207,cdn.gradescope.com46,18.238.49.7,AMAZON-02
208,cdn.gradescope.com21,18.238.49.35,AMAZON-02
209,cdn.gradescope.com45,18.238.49.67,AMAZON-02
210,cdn.gradescope.com17,18.238.49.7,AMAZON-02
211,gradescope-static-assets.s3.amazonaws.com4,52.92.251.17,AMAZON-02
212,cdn.gradescope.com18,18.238.49.35,AMAZON-02
213,cdn.gradescope.com2,18.238.49.67,AMAZON-02
214,static.turnitin.com1,13.35.93.95,AMAZON-02
215,cdn.gradescope.com25,18.238.49.7,AMAZON-02
216,cdn.gradescope.com30,18.238.49.67,AMAZON-02
217,cdn.gradescope.com51,18.238.49.7,AMAZON-02
218,cdn.gradescope.com34,18.238.49.67,AMAZON-02
219,cdn.gradescope.com56,18.238.49.35,AMAZON-02
220,cdn.gradescope.com14,18.238.49.35,AMAZON-02
221,cdn.gradescope.com55,18.238.49.17,AMAZON-02
222,cdn.gradescope.com4,18.238.49.17,AMAZON-02
223,cdn.gradescope.com26,18.238.49.7,AMAZON-02
224,cdn.gradescope.com31,18.238.49.67,AMAZON-02
225,static.turnitin.com2,13.35.93.68,AMAZON-02
226,cdn.gradescope.com5,18.238.49.67,AMAZON-02
227,gradescope-static-assets.s3.amazonaws.com5,52.92.249.185,AMAZON-02
228,cdn.gradescope.com42,18.238.49.7,AMAZON-02
229,cdn.gradescope.com10,18.238.49.17,AMAZON-02
230,cdn.gradescope.com28,18.238.49.35,AMAZON-02
231,cdn.gradescope.com38,18.238.49.17,AMAZON-02
232,gradescope-static-assets.s3.amazonaws.com6,52.92.154.217,AMAZON-02
233,cdn.gradescope.com40,18.238.49.17,AMAZON-02
234,cdn.gradescope.com19,18.238.49.35,AMAZON-02
235,cdn.gradescope.com47,18.238.49.67,AMAZON-02
236,cdn.gradescope.com48,18.238.49.35,AMAZON-02
237,cdn.gradescope.com27,18.238.49.67,AMAZON-02
238,cdn.gradescope.com23,18.238.49.17,AMAZON-02
239,cdn.gradescope.com41,18.238.49.67,AMAZON-02
240,cdn.gradescope.com8,18.238.49.35,AMAZON-02
241,cdn.gradescope.com49,18.238.49.17,AMAZON-02
242,cdn.turnitin.com1,18.238.49.51,AMAZON-02
243,google-analytics.com,142.250.80.36,GOOGLE
244,cdn.gradescope.com32,18.238.49.17,AMAZON-02
245,cdn.gradescope.com16,18.238.49.17,AMAZON-02
246,cdn.gradescope.com12,18.238.49.67,AMAZON-02
247,cdn.gradescope.com54,18.238.49.35,AMAZON-02
248,cdn.gradescope.com13,18.238.49.17,AMAZON-02
249,cdn.gradescope.com50,18.238.49.17,AMAZON-02
250,gradescope-static-assets.s3.amazonaws.com,52.92.191.177,AMAZON-02
251,gradescope.com,54.214.141.92,AMAZON-02
252,accounts.google.com1,142.251.16.84,GOOGLE
253,static.licdn.com10,152.199.24.163,EDGECAST
254,linkedin.com2,13.107.42.14,MICROSOFT-CORP-MSN-AS-BLOCK
255,linkedin.com1,13.107.42.14,MICROSOFT-CORP-MSN-AS-BLOCK
256,fonts.gstatic.com,142.250.80.67,GOOGLE
257,static.licdn.com11,152.199.24.163,EDGECAST
258,ponf.linkedin.com,144.2.9.1,LINKEDIN
259,platform.linkedin.com,23.44.133.55,AKAMAI-ASN1
260,linkedin.com5,13.107.42.14,MICROSOFT-CORP-MSN-AS-BLOCK
261,static.licdn.com2,152.199.24.163,EDGECAST
262,static.licdn.com9,152.199.24.163,EDGECAST
263,static.licdn.com6,152.199.24.163,EDGECAST
264,static.licdn.com7,152.199.24.163,EDGECAST
265,accounts.google.com,142.251.16.84,GOOGLE
266,static.licdn.com1,152.199.24.163,EDGECAST
267,static.licdn.com13,152.199.24.163,EDGECAST
268,static.licdn.com5,152.199.24.163,EDGECAST
269,static.licdn.com8,152.199.24.163,EDGECAST
270,linkedin.com7,13.107.42.14,MICROSOFT-CORP-MSN-AS-BLOCK
271,linkedin.com4,13.107.42.14,MICROSOFT-CORP-MSN-AS-BLOCK
272,static.licdn.com14,152.199.24.163,EDGECAST
273,linkedin.com6,13.107.42.14,MICROSOFT-CORP-MSN-AS-BLOCK
274,linkedin.com,13.107.42.14,MICROSOFT-CORP-MSN-AS-BLOCK
275,static.licdn.com3,152.199.24.163,EDGECAST
276,static.licdn.com,152.199.24.163,EDGECAST
277,linkedin.com3,13.107.42.14,MICROSOFT-CORP-MSN-AS-BLOCK
278,static.licdn.com12,152.199.24.163,EDGECAST
279,static.licdn.com4,152.199.24.163,EDGECAST
280,open.spotifycdn.com23,199.232.38.251,FASTLY
281,open.spotifycdn.com8,199.232.38.251,FASTLY
282,googleoptimize.com,142.250.80.46,GOOGLE
283,i.scdn.co12,199.232.38.248,FASTLY
284,web-sdk-assets.spotifycdn.com,199.232.38.250,FASTLY
285,open.spotifycdn.com15,199.232.38.251,FASTLY
286,geolocation.onetrust.com,172.64.155.119,CLOUDFLARENET
287,api-partner.spotify.com1,35.186.224.25,GOOGLE
288,open.spotifycdn.com17,199.232.38.251,FASTLY
289,i.scdn.co20,199.232.38.248,FASTLY
290,seeded-session-images.scdn.co2,199.232.38.248,FASTLY
291,clienttoken.spotify.com,35.186.224.25,GOOGLE
292,seeded-session-images.scdn.co1,199.232.38.248,FASTLY
293,i.scdn.co,199.232.38.248,FASTLY
294,i.scdn.co26,199.232.38.248,FASTLY
295,i.scdn.co19,199.232.38.248,FASTLY
296,open.spotifycdn.com24,199.232.38.251,FASTLY
297,spclient.wg.spotify.com6,35.186.224.25,GOOGLE
298,api-partner.spotify.com6,35.186.224.25,GOOGLE
299,open.spotifycdn.com16,199.232.38.251,FASTLY
300,cdn.cookielaw.org1,104.19.178.52,CLOUDFLARENET
301,gstatic.com,142.251.32.99,GOOGLE
302,i.scdn.co14,199.232.38.248,FASTLY
303,i.scdn.co24,199.232.38.248,FASTLY
304,gstatic.com3,142.251.32.99,GOOGLE
305,i.scdn.co29,199.232.38.248,FASTLY
306,open.spotifycdn.com7,199.232.38.251,FASTLY
307,googletagmanager.com,142.251.40.200,GOOGLE
308,open.spotifycdn.com1,199.232.38.251,FASTLY
309,clienttoken.spotify.com1,35.186.224.25,GOOGLE
310,open.spotifycdn.com21,199.232.38.251,FASTLY
311,open.spotifycdn.com19,199.232.38.251,FASTLY
312,api-partner.spotify.com2,35.186.224.25,GOOGLE
313,open.spotifycdn.com18,199.232.38.251,FASTLY
314,i.scdn.co2,199.232.38.248,FASTLY
315,spclient.wg.spotify.com,35.186.224.25,GOOGLE
316,i.scdn.co27,199.232.38.248,FASTLY
317,google.com3,142.250.80.78,GOOGLE
318,charts-images.scdn.co,199.232.38.248,FASTLY
319,i.scdn.co18,199.232.38.248,FASTLY
320,open.spotifycdn.com,199.232.38.251,FASTLY
321,i.scdn.co9,199.232.38.248,FASTLY
322,open.spotifycdn.com13,199.232.38.251,FASTLY
323,gstatic.com1,142.251.32.99,GOOGLE
324,spclient.wg.spotify.com5,35.186.224.25,GOOGLE
325,google.com1,142.250.80.78,GOOGLE
326,open.spotifycdn.com5,199.232.38.251,FASTLY
327,encore.scdn.co3,23.44.131.136,AKAMAI-ASN1
328,google.com,142.250.80.78,GOOGLE
329,open.spotifycdn.com20,199.232.38.251,FASTLY
330,i.scdn.co1,199.232.38.248,FASTLY
331,open.spotifycdn.com4,199.232.38.251,FASTLY
332,i.scdn.co25,199.232.38.248,FASTLY
333,spclient.wg.spotify.com3,35.186.224.25,GOOGLE
334,i.scdn.co15,199.232.38.248,FASTLY
335,open.spotifycdn.com2,199.232.38.251,FASTLY
336,api-partner.spotify.com,35.186.224.25,GOOGLE
337,o22381.ingest.sentry.io,34.120.195.249,GOOGLE-CLOUD-PLATFORM
338,i.scdn.co3,199.232.38.248,FASTLY
339,i.scdn.co16,199.232.38.248,FASTLY
340,charts-images.scdn.co2,199.232.38.248,FASTLY
341,gstatic.com4,142.251.32.99,GOOGLE
342,cdn.cookielaw.org,104.19.177.52,CLOUDFLARENET
343,i.scdn.co22,199.232.38.248,FASTLY
344,i.scdn.co4,199.232.38.248,FASTLY
345,apresolve.spotify.com1,35.186.224.25,GOOGLE
346,open.spotifycdn.com9,199.232.38.251,FASTLY
347,encore.scdn.co1,23.44.131.136,AKAMAI-ASN1
348,gstatic.com5,142.251.32.99,GOOGLE
349,spclient.wg.spotify.com2,35.186.224.25,GOOGLE
350,encore.scdn.co,23.44.131.136,AKAMAI-ASN1
351,i.scdn.co8,199.232.38.248,FASTLY
352,open.spotify.com,35.186.224.25,GOOGLE
353,i.scdn.co6,199.232.38.248,FASTLY
354,spclient.wg.spotify.com4,35.186.224.25,GOOGLE
355,i.scdn.co28,199.232.38.248,FASTLY
356,i.scdn.co23,199.232.38.248,FASTLY
357,open.spotify.com1,35.186.224.25,GOOGLE
358,cdn.cookielaw.org2,104.19.177.52,CLOUDFLARENET
359,open.spotifycdn.com6,199.232.38.251,FASTLY
360,i.scdn.co5,199.232.38.248,FASTLY
361,open.spotifycdn.com3,199.232.38.251,FASTLY
362,spclient.wg.spotify.com1,35.186.224.25,GOOGLE
363,charts-images.scdn.co1,199.232.38.248,FASTLY
364,google.com2,142.250.80.78,GOOGLE
365,seeded-session-images.scdn.co,199.232.38.248,FASTLY
366,i.scdn.co11,199.232.38.248,FASTLY
367,open.spotifycdn.com22,199.232.38.251,FASTLY
368,i.scdn.co17,199.232.38.248,FASTLY
369,api-partner.spotify.com3,35.186.224.25,GOOGLE
370,web-sdk-assets.spotifycdn.com1,199.232.38.250,FASTLY
371,open.spotifycdn.com14,199.232.38.251,FASTLY
372,spotify.com,35.186.224.25,GOOGLE
373,open.spotifycdn.com12,199.232.38.251,FASTLY
374,apresolve.spotify.com2,35.186.224.25,GOOGLE
375,gstatic.com2,142.251.32.99,GOOGLE
376,i.scdn.co10,199.232.38.248,FASTLY
377,i.scdn.co13,199.232.38.248,FASTLY
378,api-partner.spotify.com4,35.186.224.25,GOOGLE
379,open.spotifycdn.com11,199.232.38.251,FASTLY
380,i.scdn.co7,199.232.38.248,FASTLY
381,encore.scdn.co2,23.44.131.136,AKAMAI-ASN1
382,gstatic.com6,142.251.32.99,GOOGLE
383,i.scdn.co21,199.232.38.248,FASTLY
384,open.spotifycdn.com10,199.232.38.251,FASTLY
385,api-partner.spotify.com5,35.186.224.25,GOOGLE
386,apresolve.spotify.com,35.186.224.25,GOOGLE
387,drive.google.com11,142.250.80.46,GOOGLE
388,drive.google.com21,142.250.80.46,GOOGLE
389,lh3.google.com,172.217.165.142,GOOGLE
390,drive.google.com49,142.250.80.46,GOOGLE
391,waa-pa.clients6.google.com,142.251.35.170,GOOGLE
392,drive.google.com46,142.250.80.46,GOOGLE
393,play.google.com,142.250.65.206,GOOGLE
394,drive.google.com106,142.250.80.46,GOOGLE
395,drive.google.com66,142.250.80.46,GOOGLE
396,ssl.gstatic.com7,142.250.81.227,GOOGLE
397,play.google.com4,142.250.65.206,GOOGLE
398,drive.google.com63,142.250.80.46,GOOGLE
399,apis.google.com2,142.250.64.78,GOOGLE
400,drive.google.com10,142.250.80.46,GOOGLE
401,drive.google.com9,142.250.80.46,GOOGLE
402,drive.google.com56,142.250.80.46,GOOGLE
403,drive.google.com65,142.250.80.46,GOOGLE
404,drive.google.com8,142.250.80.46,GOOGLE
405,clients6.google.com8,142.251.40.238,GOOGLE
406,drive.google.com48,142.250.80.46,GOOGLE
407,fonts.gstatic.com2,142.250.80.67,GOOGLE
408,drive.fife.usercontent.google.com,142.251.40.193,GOOGLE
409,drive.google.com90,142.250.80.46,GOOGLE
410,drive.google.com59,142.250.80.46,GOOGLE
411,fonts.gstatic.com4,142.250.80.67,GOOGLE
412,docs.google.com,142.250.72.110,GOOGLE
413,drive.google.com55,142.250.80.46,GOOGLE
414,drive.google.com78,142.250.80.46,GOOGLE
415,drive.google.com26,142.250.80.46,GOOGLE
416,clients6.google.com10,142.251.40.238,GOOGLE
417,signaler-pa.clients6.google.com1,142.250.80.42,GOOGLE
418,drive.google.com31,142.250.80.46,GOOGLE
419,drive.google.com71,142.250.80.46,GOOGLE
420,fonts.gstatic.com,142.250.80.67,GOOGLE
421,docs.google.com1,142.250.72.110,GOOGLE
422,drive.google.com87,142.250.80.46,GOOGLE
423,drive.google.com64,142.250.80.46,GOOGLE
424,drive.google.com61,142.250.80.46,GOOGLE
425,gstatic.com,142.251.32.99,GOOGLE
426,clients6.google.com,142.251.40.238,GOOGLE
427,drivefrontend-pa.clients6.google.com7,142.250.80.106,GOOGLE
428,drive.google.com99,142.250.80.46,GOOGLE
429,drive.google.com68,142.250.80.46,GOOGLE
430,gstatic.com3,142.251.32.99,GOOGLE
431,drive.google.com105,142.250.80.46,GOOGLE
432,play.google.com8,142.250.65.206,GOOGLE
433,drive.google.com57,142.250.80.46,GOOGLE
434,drive.google.com82,142.250.80.46,GOOGLE
435,clients6.google.com2,142.251.40.238,GOOGLE
436,drive.google.com4,142.250.80.46,GOOGLE
437,drive.google.com107,142.250.80.46,GOOGLE
438,gstatic.com8,142.251.32.99,GOOGLE
439,ssl.gstatic.com5,142.250.81.227,GOOGLE
440,addons-pa.clients6.google.com,142.250.65.234,GOOGLE
441,ogads-pa.clients6.google.com,142.250.81.234,GOOGLE
442,drive.google.com29,142.250.80.46,GOOGLE
443,drivefrontend-pa.clients6.google.com5,142.250.64.106,GOOGLE
444,gstatic.com11,142.251.32.99,GOOGLE
445,drive.google.com103,142.250.80.46,GOOGLE
446,drive.google.com98,142.250.80.46,GOOGLE
447,drive.google.com79,142.250.80.46,GOOGLE
448,lh3.googleusercontent.com,142.251.32.97,GOOGLE
449,peoplestack-pa.clients6.google.com,142.250.65.234,GOOGLE
450,apis.google.com,142.250.64.78,GOOGLE
451,play.google.com9,142.250.65.206,GOOGLE
452,clients6.google.com9,142.251.40.238,GOOGLE
453,lh3.googleusercontent.com1,142.251.32.97,GOOGLE
454,ssl.gstatic.com2,142.250.81.227,GOOGLE
455,drive.google.com28,142.250.80.46,GOOGLE
456,drive.google.com16,142.250.80.46,GOOGLE
457,people-pa.clients6.google.com,142.250.64.74,GOOGLE
458,drive.google.com70,142.250.80.46,GOOGLE
459,drive.google.com73,142.250.80.46,GOOGLE
460,drive.google.com94,142.250.80.46,GOOGLE
461,contacts.google.com2,142.250.64.78,GOOGLE
462,drive.google.com37,142.250.80.46,GOOGLE
463,drive.google.com74,142.250.80.46,GOOGLE
464,drive.google.com20,142.250.80.46,GOOGLE
465,drive.google.com102,142.250.80.46,GOOGLE
466,gstatic.com1,142.251.32.99,GOOGLE
467,ssl.gstatic.com4,142.250.81.227,GOOGLE
468,drive.google.com2,142.250.80.46,GOOGLE
469,google.com1,142.250.80.78,GOOGLE
470,drive.google.com58,142.250.80.46,GOOGLE
471,drive.google.com95,142.250.80.46,GOOGLE
472,drive.google.com22,142.250.80.46,GOOGLE
473,google.com,142.250.80.78,GOOGLE
474,accounts.google.com,142.251.16.84,GOOGLE
475,drive.google.com69,142.250.80.46,GOOGLE
476,clients6.google.com5,142.251.40.238,GOOGLE
477,drivefrontend-pa.clients6.google.com4,142.250.64.106,GOOGLE
478,clients6.google.com1,142.251.40.238,GOOGLE
479,play.google.com7,142.250.65.206,GOOGLE
480,drive.google.com15,142.250.80.46,GOOGLE
481,drive.google.com42,142.250.80.46,GOOGLE
482,drivefrontend-pa.clients6.google.com6,142.250.80.106,GOOGLE
483,apis.google.com1,142.250.64.78,GOOGLE
484,drive.google.com23,142.250.80.46,GOOGLE
485,drive.google.com60,142.250.80.46,GOOGLE
486,drive.google.com18,142.250.80.46,GOOGLE
487,contacts.google.com3,142.250.64.78,GOOGLE
488,signaler-pa.clients6.google.com,142.250.80.42,GOOGLE
489,drive.google.com67,142.250.80.46,GOOGLE
490,drive.google.com88,142.250.80.46,GOOGLE
491,drive.google.com39,142.250.80.46,GOOGLE
492,gstatic.com14,142.251.32.99,GOOGLE
493,drive.google.com85,142.250.80.46,GOOGLE
494,gstatic.com4,142.251.32.99,GOOGLE
495,drive.google.com17,142.250.80.46,GOOGLE
496,ssl.gstatic.com,142.250.81.227,GOOGLE
497,fonts.googleapis.com2,142.250.176.202,GOOGLE
498,drive.google.com92,142.250.80.46,GOOGLE
499,drive.google.com24,142.250.80.46,GOOGLE
500,drive.google.com44,142.250.80.46,GOOGLE
501,gstatic.com5,142.251.32.99,GOOGLE
502,drive.google.com100,142.250.80.46,GOOGLE
503,fonts.gstatic.com1,142.250.80.67,GOOGLE
504,gstatic.com12,142.251.32.99,GOOGLE
505,apis.google.com3,142.250.64.78,GOOGLE
506,gstatic.com13,142.251.32.99,GOOGLE
507,drive.google.com101,142.250.80.46,GOOGLE
508,drive.google.com13,142.250.80.46,GOOGLE
509,ssl.gstatic.com6,142.250.81.227,GOOGLE
510,drive.google.com83,142.250.80.46,GOOGLE
511,drive.google.com91,142.250.80.46,GOOGLE
512,drive.google.com1,142.250.80.46,GOOGLE
513,drive.google.com76,142.250.80.46,GOOGLE
514,apis.google.com6,142.250.64.78,GOOGLE
515,drive.google.com47,142.250.80.46,GOOGLE
516,fonts.googleapis.com,142.250.176.202,GOOGLE
517,drive.google.com52,142.250.80.46,GOOGLE
518,drive.google.com96,142.250.80.46,GOOGLE
519,drive.google.com53,142.250.80.46,GOOGLE
520,ssl.gstatic.com1,142.250.81.227,GOOGLE
521,gstatic.com7,142.251.32.99,GOOGLE
522,contacts.google.com,142.250.64.78,GOOGLE
523,drive.google.com34,142.250.80.46,GOOGLE
524,drive.google.com72,142.250.80.46,GOOGLE
525,fonts.googleapis.com1,142.250.176.202,GOOGLE
526,google.com2,142.250.80.78,GOOGLE
527,ogs.google.com,142.251.40.110,GOOGLE
528,ssl.gstatic.com9,142.250.81.227,GOOGLE
529,drive.google.com80,142.250.80.46,GOOGLE
530,drive.google.com35,142.250.80.46,GOOGLE
531,drive.google.com27,142.250.80.46,GOOGLE
532,drive.google.com62,142.250.80.46,GOOGLE
533,drive.google.com19,142.250.80.46,GOOGLE
534,gstatic.com15,142.251.32.99,GOOGLE
535,play.google.com1,142.250.65.206,GOOGLE
536,drive.google.com3,142.250.80.46,GOOGLE
537,clients6.google.com4,142.251.40.238,GOOGLE
538,drive.google.com43,142.250.80.46,GOOGLE
539,contacts.google.com1,142.250.64.78,GOOGLE
540,drive.google.com,142.250.80.46,GOOGLE
541,clients6.google.com3,142.251.40.238,GOOGLE
542,play.google.com3,142.250.65.206,GOOGLE
543,apis.google.com4,142.250.64.78,GOOGLE
544,drive.google.com81,142.250.80.46,GOOGLE
545,drive.google.com50,142.250.80.46,GOOGLE
546,clients6.google.com6,142.251.40.238,GOOGLE
547,drive.google.com84,142.250.80.46,GOOGLE
548,drive.google.com25,142.250.80.46,GOOGLE
549,drive.google.com32,142.250.80.46,GOOGLE
550,drivefrontend-pa.clients6.google.com1,142.251.41.10,GOOGLE
551,drive.google.com89,142.250.80.46,GOOGLE
552,play.google.com2,142.250.65.206,GOOGLE
553,drive.google.com5,142.250.80.46,GOOGLE
554,fonts.gstatic.com5,142.250.80.67,GOOGLE
555,gstatic.com9,142.251.32.99,GOOGLE
556,drive.google.com7,142.250.80.46,GOOGLE
557,ssl.gstatic.com11,142.250.81.227,GOOGLE
558,drive.google.com33,142.250.80.46,GOOGLE
559,ssl.gstatic.com10,142.250.81.227,GOOGLE
560,drive.google.com14,142.250.80.46,GOOGLE
561,fonts.gstatic.com3,142.250.80.67,GOOGLE
562,drive.google.com54,142.250.80.46,GOOGLE
563,gstatic.com2,142.251.32.99,GOOGLE
564,apis.google.com5,142.250.64.78,GOOGLE
565,drive.google.com97,142.250.80.46,GOOGLE
566,drive.google.com45,142.250.80.46,GOOGLE
567,drivefrontend-pa.clients6.google.com2,142.250.176.202,GOOGLE
568,play.google.com6,142.250.65.206,GOOGLE
569,clients6.google.com7,142.251.40.238,GOOGLE
570,ssl.gstatic.com3,142.250.81.227,GOOGLE
571,contacts.google.com4,142.250.64.78,GOOGLE
572,drive.google.com41,142.250.80.46,GOOGLE
573,drive.google.com75,142.250.80.46,GOOGLE
574,drive.google.com6,142.250.80.46,GOOGLE
575,drivefrontend-pa.clients6.google.com3,142.250.176.202,GOOGLE
576,ssl.gstatic.com8,142.250.81.227,GOOGLE
577,gstatic.com6,142.251.32.99,GOOGLE
578,gstatic.com10,142.251.32.99,GOOGLE
579,drive.google.com12,142.250.80.46,GOOGLE
580,drive.google.com40,142.250.80.46,GOOGLE
581,drive.google.com104,142.250.80.46,GOOGLE
582,fonts.gstatic.com6,142.250.80.67,GOOGLE
583,drive.google.com38,142.250.80.46,GOOGLE
584,drive.google.com30,142.250.80.46,GOOGLE
585,drive.google.com77,142.250.80.46,GOOGLE
586,drive.google.com51,142.250.80.46,GOOGLE
587,drive.google.com93,142.250.80.46,GOOGLE
588,drive.google.com86,142.250.80.46,GOOGLE
589,drive.google.com36,142.250.80.46,GOOGLE
590,drivefrontend-pa.clients6.google.com,142.251.41.10,GOOGLE
591,waa-pa.clients6.google.com1,142.251.40.138,GOOGLE
592,play.google.com5,142.250.65.206,GOOGLE
593,github.githubassets.com86,185.199.109.154,FASTLY
594,github.githubassets.com52,185.199.109.154,FASTLY
595,github.githubassets.com43,185.199.108.154,FASTLY
596,avatars.githubusercontent.com6,185.199.108.133,FASTLY
597,github.githubassets.com41,185.199.111.154,FASTLY
598,github.githubassets.com13,185.199.108.154,FASTLY
599,github.githubassets.com77,185.199.110.154,FASTLY
600,github.githubassets.com22,185.199.109.154,FASTLY
601,github.githubassets.com74,185.199.110.154,FASTLY
602,github.githubassets.com1,185.199.109.154,FASTLY
603,github.githubassets.com21,185.199.108.154,FASTLY
604,avatars.githubusercontent.com13,185.199.108.133,FASTLY
605,github.githubassets.com,185.199.108.154,FASTLY
606,github.githubassets.com96,185.199.110.154,FASTLY
607,github.com1,140.82.114.3,GITHUB
608,avatars.githubusercontent.com7,185.199.110.133,FASTLY
609,github.githubassets.com58,185.199.111.154,FASTLY
610,github.githubassets.com71,185.199.110.154,FASTLY
611,github.githubassets.com73,185.199.110.154,FASTLY
612,github.githubassets.com34,185.199.111.154,FASTLY
613,github.githubassets.com15,185.199.111.154,FASTLY
614,avatars.githubusercontent.com18,185.199.111.133,FASTLY
615,github.githubassets.com23,185.199.108.154,FASTLY
616,github.githubassets.com7,185.199.108.154,FASTLY
617,avatars.githubusercontent.com5,185.199.111.133,FASTLY
618,github.githubassets.com69,185.199.111.154,FASTLY
619,github.githubassets.com79,185.199.108.154,FASTLY
620,github.githubassets.com26,185.199.108.154,FASTLY
621,github.com7,140.82.114.3,GITHUB
622,github.githubassets.com76,185.199.108.154,FASTLY
623,collector.github.com1,140.82.114.21,GITHUB
624,avatars.githubusercontent.com,185.199.111.133,FASTLY
625,github.githubassets.com35,185.199.109.154,FASTLY
626,github.githubassets.com29,185.199.111.154,FASTLY
627,github.githubassets.com2,185.199.109.154,FASTLY
628,github.githubassets.com94,185.199.108.154,FASTLY
629,avatars.githubusercontent.com21,185.199.109.133,FASTLY
630,github.githubassets.com62,185.199.110.154,FASTLY
631,github.githubassets.com54,185.199.109.154,FASTLY
632,github.com2,140.82.114.3,GITHUB
633,github.githubassets.com8,185.199.109.154,FASTLY
634,github.githubassets.com59,185.199.109.154,FASTLY
635,github.githubassets.com51,185.199.109.154,FASTLY
636,github.githubassets.com64,185.199.108.154,FASTLY
637,github.githubassets.com11,185.199.110.154,FASTLY
638,github.githubassets.com30,185.199.108.154,FASTLY
639,github.githubassets.com66,185.199.109.154,FASTLY
640,github.githubassets.com42,185.199.108.154,FASTLY
641,github.githubassets.com32,185.199.108.154,FASTLY
642,avatars.githubusercontent.com12,185.199.109.133,FASTLY
643,github.githubassets.com31,185.199.110.154,FASTLY
644,github.githubassets.com12,185.199.109.154,FASTLY
645,avatars.githubusercontent.com11,185.199.109.133,FASTLY
646,github.githubassets.com63,185.199.108.154,FASTLY
647,github.githubassets.com90,185.199.110.154,FASTLY
648,github.githubassets.com98,185.199.110.154,FASTLY
649,github.githubassets.com44,185.199.109.154,FASTLY
650,github.githubassets.com40,185.199.110.154,FASTLY
651,github.githubassets.com53,185.199.109.154,FASTLY
652,github.com6,140.82.114.3,GITHUB
653,github.githubassets.com33,185.199.108.154,FASTLY
654,github.com4,140.82.114.3,GITHUB
655,avatars.githubusercontent.com10,185.199.111.133,FASTLY
656,github.githubassets.com5,185.199.110.154,FASTLY
657,github.githubassets.com27,185.199.109.154,FASTLY
658,github.githubassets.com49,185.199.110.154,FASTLY
659,github.githubassets.com14,185.199.109.154,FASTLY
660,avatars.githubusercontent.com19,185.199.109.133,FASTLY
661,github.com,140.82.113.4,GITHUB
662,github.com5,140.82.114.3,GITHUB
663,github.githubassets.com80,185.199.108.154,FASTLY
664,github.githubassets.com85,185.199.109.154,FASTLY
665,github.githubassets.com61,185.199.111.154,FASTLY
666,github.githubassets.com87,185.199.108.154,FASTLY
667,github.githubassets.com70,185.199.111.154,FASTLY
668,github.githubassets.com10,185.199.110.154,FASTLY
669,github.githubassets.com93,185.199.110.154,FASTLY
670,github.githubassets.com91,185.199.111.154,FASTLY
671,github.githubassets.com99,185.199.108.154,FASTLY
672,api.github.com,140.82.114.6,GITHUB
673,github.githubassets.com47,185.199.109.154,FASTLY
674,avatars.githubusercontent.com20,185.199.110.133,FASTLY
675,avatars.githubusercontent.com8,185.199.111.133,FASTLY
676,github.githubassets.com72,185.199.110.154,FASTLY
677,github.githubassets.com84,185.199.111.154,FASTLY
678,github.githubassets.com65,185.199.111.154,FASTLY
679,avatars.githubusercontent.com14,185.199.109.133,FASTLY
680,avatars.githubusercontent.com3,185.199.111.133,FASTLY
681,github.githubassets.com17,185.199.109.154,FASTLY
682,github.githubassets.com89,185.199.108.154,FASTLY
683,github.githubassets.com67,185.199.108.154,FASTLY
684,github.githubassets.com48,185.199.110.154,FASTLY
685,github.githubassets.com83,185.199.110.154,FASTLY
686,github.githubassets.com56,185.199.109.154,FASTLY
687,github.githubassets.com95,185.199.111.154,FASTLY
688,github.githubassets.com19,185.199.110.154,FASTLY
689,github.githubassets.com92,185.199.111.154,FASTLY
690,github.githubassets.com78,185.199.111.154,FASTLY
691,github.githubassets.com60,185.199.111.154,FASTLY
692,github.githubassets.com37,185.199.111.154,FASTLY
693,github.githubassets.com57,185.199.108.154,FASTLY
694,github.githubassets.com18,185.199.108.154,FASTLY
695,avatars.githubusercontent.com17,185.199.108.133,FASTLY
696,github.githubassets.com28,185.199.111.154,FASTLY
697,avatars.githubusercontent.com16,185.199.108.133,FASTLY
698,github.githubassets.com20,185.199.108.154,FASTLY
699,github.githubassets.com97,185.199.110.154,FASTLY
700,github.githubassets.com38,185.199.109.154,FASTLY
701,avatars.githubusercontent.com2,185.199.108.133,FASTLY
702,github.githubassets.com45,185.199.110.154,FASTLY
703,avatars.githubusercontent.com4,185.199.110.133,FASTLY
704,github.githubassets.com9,185.199.111.154,FASTLY
705,github.githubassets.com16,185.199.111.154,FASTLY
706,avatars.githubusercontent.com1,185.199.109.133,FASTLY
707,github.com3,140.82.114.3,GITHUB
708,collector.github.com,140.82.114.22,GITHUB
709,avatars.githubusercontent.com9,185.199.109.133,FASTLY
710,github.githubassets.com25,185.199.110.154,FASTLY
711,github.githubassets.com75,185.199.108.154,FASTLY
712,github.githubassets.com39,185.199.110.154,FASTLY
713,github.githubassets.com88,185.199.108.154,FASTLY
714,github.githubassets.com50,185.199.109.154,FASTLY
715,github.githubassets.com3,185.199.110.154,FASTLY
716,github.githubassets.com55,185.199.108.154,FASTLY
717,github.githubassets.com81,185.199.110.154,FASTLY
718,github.githubassets.com68,185.199.109.154,FASTLY
719,github.githubassets.com36,185.199.111.154,FASTLY
720,github.githubassets.com4,185.199.110.154,FASTLY
721,github.githubassets.com6,185.199.108.154,FASTLY
722,github.com8,140.82.114.3,GITHUB
723,github.githubassets.com24,185.199.109.154,FASTLY
724,github.githubassets.com82,185.199.111.154,FASTLY
725,avatars.githubusercontent.com15,185.199.109.133,FASTLY
726,github.githubassets.com46,185.199.110.154,FASTLY
727,m.media-amazon.com38,108.138.110.85,AMAZON-02
728,m.media-amazon.com120,18.164.95.4,AMAZON-02
729,m.media-amazon.com195,108.139.54.203,AMAZON-02
730,m.media-amazon.com218,23.44.133.144,AKAMAI-ASN1
731,m.media-amazon.com173,108.138.110.85,AMAZON-02
732,completion.amazon.com,44.215.128.147,AMAZON-AES
733,aax-us-east-retail-direct.amazon.com1,54.239.17.248,AMAZON-02
734,fls-na.amazon.com23,52.204.13.24,AMAZON-AES
735,m.media-amazon.com45,23.44.133.153,AKAMAI-ASN1
736,m.media-amazon.com161,18.238.76.234,AMAZON-02
737,m.media-amazon.com136,18.238.45.222,AMAZON-02
738,m.media-amazon.com59,23.44.133.153,AKAMAI-ASN1
739,m.media-amazon.com192,108.139.54.203,AMAZON-02
740,m.media-amazon.com144,18.164.132.134,AMAZON-02
741,fls-na.amazon.com13,44.198.28.216,AMAZON-AES
742,m.media-amazon.com184,23.44.133.153,AKAMAI-ASN1
743,m.media-amazon.com190,108.139.35.180,AMAZON-02
744,m.media-amazon.com134,18.238.45.222,AMAZON-02
745,m.media-amazon.com208,23.44.133.144,AKAMAI-ASN1
746,m.media-amazon.com88,108.139.54.203,AMAZON-02
747,m.media-amazon.com207,23.44.133.144,AKAMAI-ASN1
748,m.media-amazon.com91,108.138.110.85,AMAZON-02
749,m.media-amazon.com138,18.238.45.222,AMAZON-02
750,m.media-amazon.com19,108.138.110.85,AMAZON-02
751,m.media-amazon.com3,199.232.37.16,FASTLY
752,m.media-amazon.com159,23.44.133.144,AKAMAI-ASN1
753,unagi-na.amazon.com,52.46.132.114,AMAZON-02
754,m.media-amazon.com196,108.138.120.237,AMAZON-02
755,images-na.ssl-images-amazon.com2,199.232.37.16,FASTLY
756,m.media-amazon.com164,18.238.76.234,AMAZON-02
757,fls-na.amazon.com12,34.203.44.167,AMAZON-AES
758,fls-na.amazon.com2,3.217.255.244,AMAZON-AES
759,m.media-amazon.com170,108.138.110.85,AMAZON-02
760,m.media-amazon.com20,108.138.110.85,AMAZON-02
761,m.media-amazon.com102,108.139.54.203,AMAZON-02
762,m.media-amazon.com28,23.44.133.153,AKAMAI-ASN1
763,m.media-amazon.com199,108.138.120.237,AMAZON-02
764,m.media-amazon.com228,23.44.133.144,AKAMAI-ASN1
765,m.media-amazon.com66,108.139.35.180,AMAZON-02
766,m.media-amazon.com188,108.139.35.180,AMAZON-02
767,images-na.ssl-images-amazon.com14,108.138.110.85,AMAZON-02
768,m.media-amazon.com150,18.238.45.222,AMAZON-02
769,m.media-amazon.com93,108.138.110.85,AMAZON-02
770,m.media-amazon.com90,108.138.110.85,AMAZON-02
771,m.media-amazon.com79,23.44.133.144,AKAMAI-ASN1
772,m.media-amazon.com177,18.238.45.222,AMAZON-02
773,m.media-amazon.com78,23.44.133.144,AKAMAI-ASN1
774,m.media-amazon.com44,23.44.133.153,AKAMAI-ASN1
775,m.media-amazon.com100,108.139.54.203,AMAZON-02
776,fls-na.amazon.com9,54.227.18.210,AMAZON-AES
777,m.media-amazon.com87,108.139.54.203,AMAZON-02
778,images-na.ssl-images-amazon.com30,18.238.45.222,AMAZON-02
779,images-na.ssl-images-amazon.com13,108.138.110.85,AMAZON-02
780,fls-na.amazon.com,54.86.195.215,AMAZON-AES
781,m.media-amazon.com57,108.138.110.85,AMAZON-02
782,m.media-amazon.com25,23.44.133.144,AKAMAI-ASN1
783,images-na.ssl-images-amazon.com36,108.139.54.203,AMAZON-02
784,m.media-amazon.com209,23.44.133.153,AKAMAI-ASN1
785,m.media-amazon.com27,23.44.133.153,AKAMAI-ASN1
786,images-na.ssl-images-amazon.com22,23.44.133.153,AKAMAI-ASN1
787,m.media-amazon.com85,108.139.54.203,AMAZON-02
788,m.media-amazon.com11,23.44.133.144,AKAMAI-ASN1
789,m.media-amazon.com211,23.44.133.153,AKAMAI-ASN1
790,m.media-amazon.com182,23.44.133.144,AKAMAI-ASN1
791,m.media-amazon.com60,23.44.133.144,AKAMAI-ASN1
792,m.media-amazon.com216,108.139.54.203,AMAZON-02
793,m.media-amazon.com130,23.44.133.144,AKAMAI-ASN1
794,images-na.ssl-images-amazon.com10,18.238.76.234,AMAZON-02
795,aan.amazon.com,67.220.244.19,AMAZON-02
796,m.media-amazon.com97,18.164.95.4,AMAZON-02
797,images-na.ssl-images-amazon.com35,23.44.133.153,AKAMAI-ASN1
798,m.media-amazon.com240,199.232.37.16,FASTLY
799,m.media-amazon.com191,108.139.54.203,AMAZON-02
800,images-na.ssl-images-amazon.com20,23.44.133.144,AKAMAI-ASN1
801,m.media-amazon.com243,108.139.54.203,AMAZON-02
802,m.media-amazon.com127,108.139.35.180,AMAZON-02
803,m.media-amazon.com37,108.138.110.85,AMAZON-02
804,m.media-amazon.com157,23.44.133.144,AKAMAI-ASN1
805,m.media-amazon.com171,108.138.110.85,AMAZON-02
806,m.media-amazon.com143,108.139.54.203,AMAZON-02
807,m.media-amazon.com175,18.238.45.222,AMAZON-02
808,fls-na.amazon.com5,34.231.138.66,AMAZON-AES
809,m.media-amazon.com70,23.44.133.144,AKAMAI-ASN1
810,aan.amazon.com2,52.46.155.114,AMAZON-02
811,m.media-amazon.com141,108.139.54.203,AMAZON-02
812,m.media-amazon.com189,108.139.35.180,AMAZON-02
813,m.media-amazon.com103,18.238.45.222,AMAZON-02
814,images-na.ssl-images-amazon.com25,108.139.35.180,AMAZON-02
815,fls-na.amazon.com8,50.17.158.10,AMAZON-AES
816,m.media-amazon.com152,18.238.45.222,AMAZON-02
817,fls-na.amazon.com21,3.217.185.126,AMAZON-AES
818,m.media-amazon.com10,23.44.133.153,AKAMAI-ASN1
819,fls-na.amazon.com6,107.21.31.137,AMAZON-AES
820,m.media-amazon.com81,23.44.133.153,AKAMAI-ASN1
821,m.media-amazon.com179,18.238.45.222,AMAZON-02
822,m.media-amazon.com56,108.138.110.85,AMAZON-02
823,m.media-amazon.com111,18.238.45.222,AMAZON-02
824,images-na.ssl-images-amazon.com11,23.44.133.144,AKAMAI-ASN1
825,m.media-amazon.com2,18.164.132.134,AMAZON-02
826,m.media-amazon.com98,18.164.95.4,AMAZON-02
827,m.media-amazon.com149,18.238.45.222,AMAZON-02
828,m.media-amazon.com63,108.138.110.85,AMAZON-02
829,images-na.ssl-images-amazon.com9,23.44.133.153,AKAMAI-ASN1
830,m.media-amazon.com105,18.238.45.222,AMAZON-02
831,unagi.amazon.com1,67.220.240.31,AMAZON-02
832,m.media-amazon.com58,23.44.133.144,AKAMAI-ASN1
833,m.media-amazon.com174,108.138.110.85,AMAZON-02
834,m.media-amazon.com172,108.138.110.85,AMAZON-02
835,amazon.com3,205.251.242.103,AMAZON-02
836,m.media-amazon.com121,18.164.95.4,AMAZON-02
837,images-na.ssl-images-amazon.com23,23.44.133.153,AKAMAI-ASN1
838,m.media-amazon.com33,23.44.133.144,AKAMAI-ASN1
839,fls-na.amazon.com17,34.197.126.203,AMAZON-AES
840,images-na.ssl-images-amazon.com21,23.44.133.144,AKAMAI-ASN1
841,m.media-amazon.com101,108.139.54.203,AMAZON-02
842,m.media-amazon.com6,108.139.54.203,AMAZON-02
843,m.media-amazon.com213,199.232.37.16,FASTLY
844,m.media-amazon.com86,108.139.54.203,AMAZON-02
845,m.media-amazon.com212,199.232.37.16,FASTLY
846,m.media-amazon.com187,108.139.35.180,AMAZON-02
847,m.media-amazon.com124,108.139.35.180,AMAZON-02
848,m.media-amazon.com75,23.44.133.153,AKAMAI-ASN1
849,images-na.ssl-images-amazon.com19,23.44.133.153,AKAMAI-ASN1
850,m.media-amazon.com235,23.44.133.144,AKAMAI-ASN1
851,m.media-amazon.com129,23.44.133.153,AKAMAI-ASN1
852,m.media-amazon.com52,18.238.76.234,AMAZON-02
853,m.media-amazon.com146,18.164.132.134,AMAZON-02
854,m.media-amazon.com116,199.232.37.16,FASTLY
855,m.media-amazon.com163,18.238.76.234,AMAZON-02
856,m.media-amazon.com95,108.139.35.180,AMAZON-02
857,aan.amazon.com1,176.32.98.109,AMAZON-02
858,m.media-amazon.com176,18.238.45.222,AMAZON-02
859,m.media-amazon.com54,108.138.110.85,AMAZON-02
860,m.media-amazon.com148,18.164.132.134,AMAZON-02
861,m.media-amazon.com107,18.238.45.222,AMAZON-02
862,m.media-amazon.com21,108.138.110.85,AMAZON-02
863,m.media-amazon.com5,199.232.37.16,FASTLY
864,m.media-amazon.com202,18.164.95.4,AMAZON-02
865,m.media-amazon.com55,108.138.110.85,AMAZON-02
866,m.media-amazon.com132,23.44.133.153,AKAMAI-ASN1
867,m.media-amazon.com31,23.44.133.144,AKAMAI-ASN1
868,images-na.ssl-images-amazon.com37,108.139.54.203,AMAZON-02
869,aax-us-east-retail-direct.amazon.com,52.46.132.119,AMAZON-02
870,m.media-amazon.com15,108.138.110.85,AMAZON-02
871,m.media-amazon.com131,23.44.133.153,AKAMAI-ASN1
872,m.media-amazon.com1,18.164.132.134,AMAZON-02
873,images-na.ssl-images-amazon.com7,23.44.133.144,AKAMAI-ASN1
874,m.media-amazon.com198,108.138.120.237,AMAZON-02
875,m.media-amazon.com113,199.232.37.16,FASTLY
876,s.amazon-adsystem.com,52.46.128.147,AMAZON-02
877,m.media-amazon.com224,108.138.120.237,AMAZON-02
878,m.media-amazon.com158,23.44.133.153,AKAMAI-ASN1
879,m.media-amazon.com220,23.44.133.144,AKAMAI-ASN1
880,images-na.ssl-images-amazon.com8,23.44.133.153,AKAMAI-ASN1
881,m.media-amazon.com125,108.139.35.180,AMAZON-02
882,m.media-amazon.com71,23.44.133.144,AKAMAI-ASN1
883,m.media-amazon.com227,23.44.133.144,AKAMAI-ASN1
884,images-na.ssl-images-amazon.com32,23.44.133.153,AKAMAI-ASN1
885,images-na.ssl-images-amazon.com17,23.44.133.153,AKAMAI-ASN1
886,m.media-amazon.com231,108.139.54.203,AMAZON-02
887,m.media-amazon.com181,23.44.133.153,AKAMAI-ASN1
888,unagi.amazon.com,52.46.153.141,AMAZON-02
889,m.media-amazon.com126,108.139.35.180,AMAZON-02
890,m.media-amazon.com156,23.44.133.144,AKAMAI-ASN1
891,images-na.ssl-images-amazon.com29,18.238.45.222,AMAZON-02
892,m.media-amazon.com147,18.164.132.134,AMAZON-02
893,m.media-amazon.com42,23.44.133.144,AKAMAI-ASN1
894,m.media-amazon.com221,23.44.133.144,AKAMAI-ASN1
895,m.media-amazon.com50,18.238.76.234,AMAZON-02
896,images-na.ssl-images-amazon.com34,23.44.133.153,AKAMAI-ASN1
897,m.media-amazon.com151,18.238.45.222,AMAZON-02
898,m.media-amazon.com32,23.44.133.144,AKAMAI-ASN1
899,amazon.com2,205.251.242.103,AMAZON-02
900,m.media-amazon.com46,23.44.133.153,AKAMAI-ASN1
901,fls-na.amazon.com18,52.7.19.246,AMAZON-AES
902,images-na.ssl-images-amazon.com1,18.164.132.134,AMAZON-02
903,m.media-amazon.com118,18.164.95.4,AMAZON-02
904,fls-na.amazon.com20,44.193.63.151,AMAZON-AES
905,m.media-amazon.com230,108.139.54.203,AMAZON-02
906,m.media-amazon.com29,23.44.133.144,AKAMAI-ASN1
907,m.media-amazon.com197,108.138.120.237,AMAZON-02
908,m.media-amazon.com155,23.44.133.144,AKAMAI-ASN1
909,m.media-amazon.com49,18.238.76.234,AMAZON-02
910,m.media-amazon.com236,199.232.37.16,FASTLY
911,m.media-amazon.com167,199.232.37.16,FASTLY
912,m.media-amazon.com122,18.164.95.4,AMAZON-02
913,m.media-amazon.com128,23.44.133.144,AKAMAI-ASN1
914,m.media-amazon.com96,18.164.95.4,AMAZON-02
915,m.media-amazon.com135,18.238.45.222,AMAZON-02
916,m.media-amazon.com17,108.138.110.85,AMAZON-02
917,m.media-amazon.com13,23.44.133.144,AKAMAI-ASN1
918,m.media-amazon.com123,108.139.35.180,AMAZON-02
919,images-na.ssl-images-amazon.com26,108.139.35.180,AMAZON-02
920,m.media-amazon.com133,23.44.133.153,AKAMAI-ASN1
921,m.media-amazon.com178,18.238.45.222,AMAZON-02
922,m.media-amazon.com137,18.238.45.222,AMAZON-02
923,m.media-amazon.com193,108.139.54.203,AMAZON-02
924,images-na.ssl-images-amazon.com4,23.44.133.144,AKAMAI-ASN1
925,m.media-amazon.com22,108.138.110.85,AMAZON-02
926,m.media-amazon.com24,23.44.133.153,AKAMAI-ASN1
927,m.media-amazon.com232,23.44.133.144,AKAMAI-ASN1
928,images-na.ssl-images-amazon.com,18.164.132.134,AMAZON-02
929,fls-na.amazon.com15,52.6.98.164,AMAZON-AES
930,fls-na.amazon.com26,3.217.122.44,AMAZON-AES
931,m.media-amazon.com237,199.232.37.16,FASTLY
932,m.media-amazon.com183,23.44.133.153,AKAMAI-ASN1
933,m.media-amazon.com73,23.44.133.153,AKAMAI-ASN1
934,m.media-amazon.com201,18.164.95.4,AMAZON-02
935,m.media-amazon.com69,23.44.133.144,AKAMAI-ASN1
936,images-na.ssl-images-amazon.com15,108.139.35.180,AMAZON-02
937,images-na.ssl-images-amazon.com31,23.44.133.153,AKAMAI-ASN1
938,fls-na.amazon.com22,34.230.112.129,AMAZON-AES
939,m.media-amazon.com238,108.139.35.180,AMAZON-02
940,m.media-amazon.com43,23.44.133.153,AKAMAI-ASN1
941,m.media-amazon.com185,23.44.133.144,AKAMAI-ASN1
942,m.media-amazon.com68,23.44.133.153,AKAMAI-ASN1
943,images-na.ssl-images-amazon.com12,108.138.110.85,AMAZON-02
944,m.media-amazon.com104,18.238.45.222,AMAZON-02
945,m.media-amazon.com14,108.138.110.85,AMAZON-02
946,m.media-amazon.com84,108.139.54.203,AMAZON-02
947,m.media-amazon.com4,199.232.37.16,FASTLY
948,fls-na.amazon.com1,35.174.72.91,AMAZON-AES
949,m.media-amazon.com165,199.232.37.16,FASTLY
950,m.media-amazon.com30,23.44.133.144,AKAMAI-ASN1
951,m.media-amazon.com62,23.44.133.153,AKAMAI-ASN1
952,amazon.com1,54.239.28.85,AMAZON-02
953,m.media-amazon.com142,108.139.54.203,AMAZON-02
954,m.media-amazon.com47,23.44.133.144,AKAMAI-ASN1
955,m.media-amazon.com168,199.232.37.16,FASTLY
956,images-na.ssl-images-amazon.com28,18.238.45.222,AMAZON-02
957,m.media-amazon.com166,199.232.37.16,FASTLY
958,m.media-amazon.com74,23.44.133.153,AKAMAI-ASN1
959,amazon.com,54.239.28.85,AMAZON-02
960,m.media-amazon.com61,23.44.133.153,AKAMAI-ASN1
961,m.media-amazon.com210,23.44.133.153,AKAMAI-ASN1
962,m.media-amazon.com154,23.44.133.153,AKAMAI-ASN1
963,m.media-amazon.com89,108.138.110.85,AMAZON-02
964,fls-na.amazon.com16,44.216.125.204,AMAZON-AES
965,m.media-amazon.com112,18.238.45.222,AMAZON-02
966,m.media-amazon.com40,108.138.110.85,AMAZON-02
967,m.media-amazon.com18,108.138.110.85,AMAZON-02
968,fls-na.amazon.com7,107.21.31.137,AMAZON-AES
969,m.media-amazon.com233,23.44.133.153,AKAMAI-ASN1
970,m.media-amazon.com222,23.44.133.144,AKAMAI-ASN1
971,images-na.ssl-images-amazon.com18,23.44.133.153,AKAMAI-ASN1
972,fls-na.amazon.com10,52.44.19.206,AMAZON-AES
973,m.media-amazon.com106,18.238.45.222,AMAZON-02
974,m.media-amazon.com109,18.238.45.222,AMAZON-02
975,m.media-amazon.com53,108.138.110.85,AMAZON-02
976,m.media-amazon.com139,108.139.54.203,AMAZON-02
977,m.media-amazon.com108,18.238.45.222,AMAZON-02
978,fls-na.amazon.com14,52.6.98.164,AMAZON-AES
979,m.media-amazon.com140,108.139.54.203,AMAZON-02
980,fls-na.amazon.com3,23.22.102.81,AMAZON-AES
981,m.media-amazon.com34,18.238.45.222,AMAZON-02
982,m.media-amazon.com76,23.44.133.144,AKAMAI-ASN1
983,m.media-amazon.com12,23.44.133.153,AKAMAI-ASN1
984,fls-na.amazon.com24,52.204.13.24,AMAZON-AES
985,images-na.ssl-images-amazon.com6,18.238.45.222,AMAZON-02
986,m.media-amazon.com214,199.232.37.16,FASTLY
987,m.media-amazon.com203,18.164.95.4,AMAZON-02
988,images-na.ssl-images-amazon.com33,23.44.133.144,AKAMAI-ASN1
989,m.media-amazon.com241,199.232.37.16,FASTLY
990,m.media-amazon.com119,18.164.95.4,AMAZON-02
991,m.media-amazon.com36,18.238.45.222,AMAZON-02
992,m.media-amazon.com39,108.138.110.85,AMAZON-02
993,m.media-amazon.com200,108.138.120.237,AMAZON-02
994,m.media-amazon.com153,18.238.45.222,AMAZON-02
995,m.media-amazon.com223,108.138.120.237,AMAZON-02
996,amazon.com5,205.251.242.103,AMAZON-02
997,amazon.com4,54.239.28.85,AMAZON-02
998,m.media-amazon.com206,23.44.133.144,AKAMAI-ASN1
999,m.media-amazon.com51,18.238.76.234,AMAZON-02
1000,images-na.ssl-images-amazon.com24,108.139.35.180,AMAZON-02
1001,amazon.com6,205.251.242.103,AMAZON-02
1002,m.media-amazon.com169,199.232.37.16,FASTLY
1003,m.media-amazon.com242,199.232.37.16,FASTLY
1004,m.media-amazon.com92,108.138.110.85,AMAZON-02
1005,m.media-amazon.com83,23.44.133.144,AKAMAI-ASN1
1006,m.media-amazon.com80,23.44.133.153,AKAMAI-ASN1
1007,m.media-amazon.com160,18.238.76.234,AMAZON-02
1008,m.media-amazon.com77,23.44.133.144,AKAMAI-ASN1
1009,m.media-amazon.com65,108.139.35.180,AMAZON-02
1010,m.media-amazon.com35,18.238.45.222,AMAZON-02
1011,m.media-amazon.com99,18.164.95.4,AMAZON-02
1012,fls-na.amazon.com19,52.7.19.246,AMAZON-AES
1013,m.media-amazon.com186,108.139.35.180,AMAZON-02
1014,m.media-amazon.com7,108.139.54.203,AMAZON-02
1015,m.media-amazon.com219,23.44.133.153,AKAMAI-ASN1
1016,fls-na.amazon.com4,34.193.111.32,AMAZON-AES
1017,m.media-amazon.com8,108.139.54.203,AMAZON-02
1018,m.media-amazon.com41,108.138.110.85,AMAZON-02
1019,m.media-amazon.com204,18.164.95.4,AMAZON-02
1020,m.media-amazon.com217,23.44.133.153,AKAMAI-ASN1
1021,m.media-amazon.com226,108.138.120.237,AMAZON-02
1022,m.media-amazon.com225,108.138.120.237,AMAZON-02
1023,m.media-amazon.com48,23.44.133.144,AKAMAI-ASN1
1024,m.media-amazon.com67,108.139.35.180,AMAZON-02
1025,m.media-amazon.com114,199.232.37.16,FASTLY
1026,m.media-amazon.com180,23.44.133.153,AKAMAI-ASN1
1027,fls-na.amazon.com25,52.204.13.24,AMAZON-AES
1028,images-na.ssl-images-amazon.com16,108.139.35.180,AMAZON-02
1029,m.media-amazon.com205,18.164.95.4,AMAZON-02
1030,m.media-amazon.com9,108.139.54.203,AMAZON-02
1031,m.media-amazon.com115,199.232.37.16,FASTLY
1032,m.media-amazon.com72,23.44.133.153,AKAMAI-ASN1
1033,m.media-amazon.com194,108.139.54.203,AMAZON-02
1034,m.media-amazon.com,18.164.132.134,AMAZON-02
1035,m.media-amazon.com215,199.232.37.16,FASTLY
1036,m.media-amazon.com234,23.44.133.153,AKAMAI-ASN1
1037,m.media-amazon.com162,18.238.76.234,AMAZON-02
1038,m.media-amazon.com229,108.139.54.203,AMAZON-02
1039,m.media-amazon.com82,23.44.133.144,AKAMAI-ASN1
1040,m.media-amazon.com26,23.44.133.144,AKAMAI-ASN1
1041,m.media-amazon.com64,108.138.110.85,AMAZON-02
1042,m.media-amazon.com16,108.138.110.85,AMAZON-02
1043,images-na.ssl-images-amazon.com5,23.44.133.144,AKAMAI-ASN1
1044,images-na.ssl-images-amazon.com27,18.164.95.4,AMAZON-02
1045,fls-na.amazon.com11,3.216.237.220,AMAZON-AES
1046,m.media-amazon.com239,108.139.35.180,AMAZON-02
1047,images-na.ssl-images-amazon.com3,199.232.37.16,FASTLY
1048,m.media-amazon.com94,108.139.35.180,AMAZON-02
1049,m.media-amazon.com145,18.164.132.134,AMAZON-02
1050,m.media-amazon.com110,18.238.45.222,AMAZON-02
1051,m.media-amazon.com23,108.138.110.85,AMAZON-02
1052,m.media-amazon.com117,199.232.37.16,FASTLY
1053,lh3.google.com,172.217.165.142,GOOGLE
1054,waa-pa.clients6.google.com,142.251.40.170,GOOGLE
1055,play.google.com,142.250.65.206,GOOGLE
1056,play.google.com4,142.250.65.206,GOOGLE
1057,google.com19,142.250.80.78,GOOGLE
1058,google.com20,142.250.80.78,GOOGLE
1059,fonts.gstatic.com2,142.250.80.67,GOOGLE
1060,google.com8,142.250.80.78,GOOGLE
1061,fonts.gstatic.com4,142.250.80.67,GOOGLE
1062,google.com7,142.250.80.78,GOOGLE
1063,fonts.gstatic.com,142.250.80.67,GOOGLE
1064,google.com16,142.250.80.78,GOOGLE
1065,gstatic.com,142.251.32.99,GOOGLE
1066,google.com10,142.250.80.78,GOOGLE
1067,google.com14,142.250.80.78,GOOGLE
1068,google.com26,142.250.80.78,GOOGLE
1069,waa-pa.clients6.google.com2,142.250.80.42,GOOGLE
1070,google.com23,142.250.80.78,GOOGLE
1071,google.com25,142.250.80.78,GOOGLE
1072,waa-pa.clients6.google.com3,142.250.80.42,GOOGLE
1073,lh3.googleusercontent.com,142.251.32.97,GOOGLE
1074,apis.google.com,142.250.64.78,GOOGLE
1075,google.com3,142.250.80.78,GOOGLE
1076,google.com4,142.250.80.78,GOOGLE
1077,gstatic.com1,142.251.32.99,GOOGLE
1078,google.com1,142.250.80.78,GOOGLE
1079,google.com,142.250.80.78,GOOGLE
1080,google.com5,142.250.80.78,GOOGLE
1081,accounts.google.com,142.251.16.84,GOOGLE
1082,google.com9,142.250.80.78,GOOGLE
1083,google.com13,142.250.80.78,GOOGLE
1084,google.com18,142.250.80.78,GOOGLE
1085,fonts.gstatic.com1,142.250.80.67,GOOGLE
1086,google.com24,142.250.80.78,GOOGLE
1087,google.com29,142.250.80.78,GOOGLE
1088,fonts.googleapis.com,142.250.176.202,GOOGLE
1089,google.com32,142.250.80.78,GOOGLE
1090,google.com30,142.250.80.78,GOOGLE
1091,google.com21,142.250.80.78,GOOGLE
1092,fonts.googleapis.com1,142.250.176.202,GOOGLE
1093,google.com27,142.250.80.78,GOOGLE
1094,google.com2,142.250.80.78,GOOGLE
1095,play.google.com1,142.250.65.206,GOOGLE
1096,play.google.com3,142.250.65.206,GOOGLE
1097,play.google.com2,142.250.65.206,GOOGLE
1098,fonts.gstatic.com5,142.250.80.67,GOOGLE
1099,google.com15,142.250.80.78,GOOGLE
1100,google.com22,142.250.80.78,GOOGLE
1101,google.com6,142.250.80.78,GOOGLE
1102,fonts.gstatic.com3,142.250.80.67,GOOGLE
1103,google.com11,142.250.80.78,GOOGLE
1104,gstatic.com2,142.251.32.99,GOOGLE
1105,google.com31,142.250.80.78,GOOGLE
1106,play.google.com6,142.250.65.206,GOOGLE
1107,google.com12,142.250.80.78,GOOGLE
1108,google.com28,142.250.80.78,GOOGLE
1109,google.com17,142.250.80.78,GOOGLE
1110,adservice.google.com,142.251.40.226,GOOGLE
1111,waa-pa.clients6.google.com1,142.251.40.170,GOOGLE
1112,play.google.com5,142.250.65.206,GOOGLE
1113,portal.colgate.edu27,149.43.134.29,COLGATE-UNIVERSITY
1114,portal.colgate.edu18,149.43.134.29,COLGATE-UNIVERSITY
1115,portal.colgate.edu11,149.43.134.29,COLGATE-UNIVERSITY
1116,portal.colgate.edu2,149.43.134.29,COLGATE-UNIVERSITY
1117,portal.colgate.edu10,149.43.134.29,COLGATE-UNIVERSITY
1118,portal.colgate.edu13,149.43.134.29,COLGATE-UNIVERSITY
1119,portal.colgate.edu29,149.43.134.29,COLGATE-UNIVERSITY
1120,portal.colgate.edu21,149.43.134.29,COLGATE-UNIVERSITY
1121,portal.colgate.edu8,149.43.134.29,COLGATE-UNIVERSITY
1122,portal.colgate.edu24,149.43.134.29,COLGATE-UNIVERSITY
1123,portal.colgate.edu14,149.43.134.29,COLGATE-UNIVERSITY
1124,portal.colgate.edu5,149.43.134.29,COLGATE-UNIVERSITY
1125,portal.colgate.edu30,149.43.134.29,COLGATE-UNIVERSITY
1126,portal.colgate.edu4,149.43.134.29,COLGATE-UNIVERSITY
1127,portal.colgate.edu,149.43.134.29,COLGATE-UNIVERSITY
1128,portal.colgate.edu1,149.43.134.29,COLGATE-UNIVERSITY
1129,portal.colgate.edu7,149.43.134.29,COLGATE-UNIVERSITY
1130,portal.colgate.edu25,149.43.134.29,COLGATE-UNIVERSITY
1131,portal.colgate.edu28,149.43.134.29,COLGATE-UNIVERSITY
1132,portal.colgate.edu20,149.43.134.29,COLGATE-UNIVERSITY
1133,portal.colgate.edu6,149.43.134.29,COLGATE-UNIVERSITY
1134,portal.colgate.edu22,149.43.134.29,COLGATE-UNIVERSITY
1135,portal.colgate.edu9,149.43.134.29,COLGATE-UNIVERSITY
1136,portal.colgate.edu26,149.43.134.29,COLGATE-UNIVERSITY
1137,portal.colgate.edu3,149.43.134.29,COLGATE-UNIVERSITY
1138,portal.colgate.edu12,149.43.134.29,COLGATE-UNIVERSITY
1139,portal.colgate.edu17,149.43.134.29,COLGATE-UNIVERSITY
1140,portal.colgate.edu31,149.43.134.29,COLGATE-UNIVERSITY
1141,portal.colgate.edu23,149.43.134.29,COLGATE-UNIVERSITY
1142,portal.colgate.edu15,149.43.134.29,COLGATE-UNIVERSITY
1143,portal.colgate.edu16,149.43.134.29,COLGATE-UNIVERSITY
1144,portal.colgate.edu19,149.43.134.29,COLGATE-UNIVERSITY
1145,assets.bonad.io,23.60.1.142,AKAMAI-AS
1146,static.cdn-expressen.se5,23.60.1.142,AKAMAI-AS
1147,di.se13,34.117.105.189,GOOGLE-CLOUD-PLATFORM
1148,cached-images.bonnier.news6,23.60.1.142,AKAMAI-AS
1149,cached-images.bonnier.news25,23.60.1.142,AKAMAI-AS
1150,di.se7,34.117.105.189,GOOGLE-CLOUD-PLATFORM
1151,di.se8,34.117.105.189,GOOGLE-CLOUD-PLATFORM
1152,cached-images.bonnier.news14,23.60.1.142,AKAMAI-AS
1153,cached-images.bonnier.news11,23.60.1.142,AKAMAI-AS
1154,di.se1,34.117.105.189,GOOGLE-CLOUD-PLATFORM
1155,cached-images.bonnier.news1,23.60.1.142,AKAMAI-AS
1156,di.se6,34.117.105.189,GOOGLE-CLOUD-PLATFORM
1157,cached-images.bonnier.news21,23.60.1.142,AKAMAI-AS
1158,cached-images.bonnier.news17,23.60.1.142,AKAMAI-AS
1159,cached-images.bonnier.news13,23.60.1.142,AKAMAI-AS
1160,di.se12,34.117.105.189,GOOGLE-CLOUD-PLATFORM
1161,cached-images.bonnier.news18,23.60.1.142,AKAMAI-AS
1162,cached-images.bonnier.news22,23.60.1.142,AKAMAI-AS
1163,images.ctfassets.net1,108.138.106.75,AMAZON-02
1164,static.cdn-expressen.se1,23.60.1.142,AKAMAI-AS
1165,cached-images.bonnier.news23,23.60.1.142,AKAMAI-AS
1166,static.cdn-expressen.se2,23.60.1.142,AKAMAI-AS
1167,sdk.privacy-center.org,18.164.96.4,AMAZON-02
1168,cached-images.bonnier.news2,23.60.1.142,AKAMAI-AS
1169,cached-images.bonnier.news10,23.60.1.142,AKAMAI-AS
1170,cached-images.bonnier.news26,23.60.1.142,AKAMAI-AS
1171,cached-images.bonnier.news24,23.60.1.142,AKAMAI-AS
1172,static.cdn-expressen.se4,23.60.1.142,AKAMAI-AS
1173,di.se11,34.117.105.189,GOOGLE-CLOUD-PLATFORM
1174,cached-images.bonnier.news9,23.60.1.142,AKAMAI-AS
1175,cached-images.bonnier.news5,23.60.1.142,AKAMAI-AS
1176,di.se,34.117.105.189,GOOGLE-CLOUD-PLATFORM
1177,images.ctfassets.net3,108.138.106.44,AMAZON-02
1178,di.se2,34.117.105.189,GOOGLE-CLOUD-PLATFORM
1179,di.se10,34.117.105.189,GOOGLE-CLOUD-PLATFORM
1180,cached-images.bonnier.news12,23.60.1.142,AKAMAI-AS
1181,static.cdn-expressen.se,23.60.1.142,AKAMAI-AS
1182,tracking.di.se,34.117.133.19,GOOGLE-CLOUD-PLATFORM
1183,cached-images.bonnier.news19,23.60.1.142,AKAMAI-AS
1184,cached-images.bonnier.news20,23.60.1.142,AKAMAI-AS
1185,cached-images.bonnier.news3,23.60.1.142,AKAMAI-AS
1186,di.se9,34.117.105.189,GOOGLE-CLOUD-PLATFORM
1187,images.ctfassets.net2,108.138.106.39,AMAZON-02
1188,cached-images.bonnier.news4,23.60.1.142,AKAMAI-AS
1189,cached-images.bonnier.news7,23.60.1.142,AKAMAI-AS
1190,static.cdn-expressen.se3,23.60.1.142,AKAMAI-AS
1191,di.se4,34.117.105.189,GOOGLE-CLOUD-PLATFORM
1192,di.se3,34.117.105.189,GOOGLE-CLOUD-PLATFORM
1193,cached-images.bonnier.news16,23.60.1.142,AKAMAI-AS
1194,images.ctfassets.net4,108.138.106.48,AMAZON-02
1195,cached-images.bonnier.news27,23.60.1.142,AKAMAI-AS
1196,images.ctfassets.net,108.138.106.48,AMAZON-02
1197,cached-images.bonnier.news8,23.60.1.142,AKAMAI-AS
1198,di.se5,34.117.105.189,GOOGLE-CLOUD-PLATFORM
1199,static.cdn-expressen.se6,23.60.1.142,AKAMAI-AS
1200,cached-images.bonnier.news15,23.60.1.142,AKAMAI-AS
1201,cached-images.bonnier.news,23.60.1.142,AKAMAI-AS
1202,static.cdninstagram.com24,31.13.71.52,FACEBOOK
1203,static.cdninstagram.com8,31.13.71.52,FACEBOOK
1204,static.cdninstagram.com2,31.13.71.52,FACEBOOK
1205,static.cdninstagram.com10,31.13.71.52,FACEBOOK
1206,instagram.com2,31.13.71.174,FACEBOOK
1207,static.cdninstagram.com5,31.13.71.52,FACEBOOK
1208,static.cdninstagram.com,31.13.71.52,FACEBOOK
1209,instagram.com12,31.13.71.174,FACEBOOK
1210,instagram.com13,31.13.71.174,FACEBOOK
1211,static.cdninstagram.com9,31.13.71.52,FACEBOOK
1212,static.cdninstagram.com15,31.13.71.52,FACEBOOK
1213,instagram.com7,31.13.71.174,FACEBOOK
1214,instagram.com6,31.13.71.174,FACEBOOK
1215,instagram.com5,31.13.71.174,FACEBOOK
1216,static.cdninstagram.com12,31.13.71.52,FACEBOOK
1217,instagram.com4,31.13.71.174,FACEBOOK
1218,static.cdninstagram.com4,31.13.71.52,FACEBOOK
1219,instagram.com15,31.13.71.174,FACEBOOK
1220,static.cdninstagram.com18,31.13.71.52,FACEBOOK
1221,static.cdninstagram.com6,31.13.71.52,FACEBOOK
1222,instagram.com14,31.13.71.174,FACEBOOK
1223,static.cdninstagram.com11,31.13.71.52,FACEBOOK
1224,facebook.com,31.13.71.36,FACEBOOK
1225,static.cdninstagram.com22,31.13.71.52,FACEBOOK
1226,static.cdninstagram.com21,31.13.71.52,FACEBOOK
1227,static.cdninstagram.com3,31.13.71.52,FACEBOOK
1228,static.cdninstagram.com23,31.13.71.52,FACEBOOK
1229,instagram.com9,31.13.71.174,FACEBOOK
1230,static.cdninstagram.com20,31.13.71.52,FACEBOOK
1231,static.cdninstagram.com14,31.13.71.52,FACEBOOK
1232,static.cdninstagram.com7,31.13.71.52,FACEBOOK
1233,static.cdninstagram.com17,31.13.71.52,FACEBOOK
1234,static.cdninstagram.com16,31.13.71.52,FACEBOOK
1235,static.cdninstagram.com1,31.13.71.52,FACEBOOK
1236,instagram.com8,31.13.71.174,FACEBOOK
1237,static.cdninstagram.com13,31.13.71.52,FACEBOOK
1238,instagram.com11,31.13.71.174,FACEBOOK
1239,instagram.com10,31.13.71.174,FACEBOOK
1240,instagram.com1,31.13.71.174,FACEBOOK
1241,static.cdninstagram.com19,31.13.71.52,FACEBOOK
1242,instagram.com,31.13.71.174,FACEBOOK
1243,instagram.com3,31.13.71.174,FACEBOOK
1244,mail.google.com11,142.250.80.101,GOOGLE
1245,ssl.gstatic.com45,142.250.81.227,GOOGLE
1246,mail.google.com72,142.250.80.101,GOOGLE
1247,gstatic.com19,142.251.32.99,GOOGLE
1248,lh3.google.com,172.217.165.142,GOOGLE
1249,mail.google.com9,142.250.80.101,GOOGLE
1250,waa-pa.clients6.google.com,142.251.32.106,GOOGLE
1251,mail.google.com18,142.250.80.101,GOOGLE
1252,play.google.com,142.250.65.206,GOOGLE
1253,mail.google.com28,142.250.80.101,GOOGLE
1254,mail.google.com41,142.250.80.101,GOOGLE
1255,mail.google.com15,142.250.80.101,GOOGLE
1256,mail.google.com3,142.250.80.101,GOOGLE
1257,ssl.gstatic.com7,142.250.81.227,GOOGLE
1258,mail.google.com19,142.250.80.101,GOOGLE
1259,ssl.gstatic.com30,142.250.81.227,GOOGLE
1260,ssl.gstatic.com12,142.250.81.227,GOOGLE
1261,apis.google.com2,142.250.64.78,GOOGLE
1262,mail.google.com49,142.250.80.101,GOOGLE
1263,mail.google.com21,142.250.80.101,GOOGLE
1264,fonts.gstatic.com2,142.250.80.67,GOOGLE
1265,mail.google.com24,142.250.80.101,GOOGLE
1266,mail.google.com36,142.250.80.101,GOOGLE
1267,mail.google.com53,142.250.80.101,GOOGLE
1268,mail.google.com7,142.250.80.101,GOOGLE
1269,ssl.gstatic.com17,142.250.81.227,GOOGLE
1270,fonts.gstatic.com4,142.250.80.67,GOOGLE
1271,mail.google.com56,142.250.80.101,GOOGLE
1272,mail.google.com,142.250.80.101,GOOGLE
1273,mail.google.com20,142.250.80.101,GOOGLE
1274,mail.google.com64,142.250.80.101,GOOGLE
1275,signaler-pa.clients6.google.com1,142.250.81.234,GOOGLE
1276,mail.google.com74,142.250.80.101,GOOGLE
1277,fonts.gstatic.com,142.250.80.67,GOOGLE
1278,mail.google.com52,142.250.80.101,GOOGLE
1279,gstatic.com21,142.251.32.99,GOOGLE
1280,gstatic.com,142.251.32.99,GOOGLE
1281,mail.google.com10,142.250.80.101,GOOGLE
1282,ssl.gstatic.com31,142.250.81.227,GOOGLE
1283,gstatic.com23,142.251.32.99,GOOGLE
1284,gstatic.com3,142.251.32.99,GOOGLE
1285,ssl.gstatic.com24,142.250.81.227,GOOGLE
1286,signaler-pa.clients6.google.com2,142.250.81.234,GOOGLE
1287,gstatic.com8,142.251.32.99,GOOGLE
1288,ssl.gstatic.com5,142.250.81.227,GOOGLE
1289,addons-pa.clients6.google.com,142.250.72.106,GOOGLE
1290,mail.google.com65,142.250.80.101,GOOGLE
1291,mail.google.com32,142.250.80.101,GOOGLE
1292,mail.google.com61,142.250.80.101,GOOGLE
1293,mail.google.com12,142.250.80.101,GOOGLE
1294,ogads-pa.clients6.google.com,142.251.40.170,GOOGLE
1295,mail.google.com60,142.250.80.101,GOOGLE
1296,ssl.gstatic.com27,142.250.81.227,GOOGLE
1297,mail.google.com58,142.250.80.101,GOOGLE
1298,gstatic.com11,142.251.32.99,GOOGLE
1299,ssl.gstatic.com22,142.250.81.227,GOOGLE
1300,mail.google.com70,142.250.80.101,GOOGLE
1301,ssl.gstatic.com19,142.250.81.227,GOOGLE
1302,lh3.googleusercontent.com,142.251.32.97,GOOGLE
1303,mail.google.com30,142.250.80.101,GOOGLE
1304,apis.google.com,142.250.64.78,GOOGLE
1305,mail.google.com47,142.250.80.101,GOOGLE
1306,mail.google.com23,142.250.80.101,GOOGLE
1307,mail.google.com33,142.250.80.101,GOOGLE
1308,ssl.gstatic.com46,142.250.81.227,GOOGLE
1309,mail.google.com63,142.250.80.101,GOOGLE
1310,lh3.googleusercontent.com1,142.251.32.97,GOOGLE
1311,ssl.gstatic.com2,142.250.81.227,GOOGLE
1312,ssl.gstatic.com44,142.250.81.227,GOOGLE
1313,ssl.gstatic.com18,142.250.81.227,GOOGLE
1314,people-pa.clients6.google.com,142.251.32.106,GOOGLE
1315,mail.google.com39,142.250.80.101,GOOGLE
1316,mail.google.com75,142.250.80.101,GOOGLE
1317,ssl.gstatic.com23,142.250.81.227,GOOGLE
1318,contacts.google.com2,142.250.64.78,GOOGLE
1319,ssl.gstatic.com14,142.250.81.227,GOOGLE
1320,mail.google.com69,142.250.80.101,GOOGLE
1321,mail.google.com1,142.250.80.101,GOOGLE
1322,gstatic.com1,142.251.32.99,GOOGLE
1323,mail.google.com34,142.250.80.101,GOOGLE
1324,ssl.gstatic.com4,142.250.81.227,GOOGLE
1325,google.com1,142.250.80.78,GOOGLE
1326,signaler-pa.clients6.google.com3,142.250.81.234,GOOGLE
1327,ssl.gstatic.com42,142.250.81.227,GOOGLE
1328,google.com,142.250.80.78,GOOGLE
1329,accounts.google.com,142.251.16.84,GOOGLE
1330,ssl.gstatic.com21,142.250.81.227,GOOGLE
1331,mail.google.com48,142.250.80.101,GOOGLE
1332,apis.google.com1,142.250.64.78,GOOGLE
1333,gstatic.com20,142.251.32.99,GOOGLE
1334,contacts.google.com3,142.250.64.78,GOOGLE
1335,mail.google.com50,142.250.80.101,GOOGLE
1336,signaler-pa.clients6.google.com,142.250.81.234,GOOGLE
1337,gstatic.com22,142.251.32.99,GOOGLE
1338,gstatic.com14,142.251.32.99,GOOGLE
1339,ssl.gstatic.com25,142.250.81.227,GOOGLE
1340,mail.google.com6,142.250.80.101,GOOGLE
1341,gstatic.com4,142.251.32.99,GOOGLE
1342,mail.google.com35,142.250.80.101,GOOGLE
1343,mail.google.com22,142.250.80.101,GOOGLE
1344,ssl.gstatic.com,142.250.81.227,GOOGLE
1345,mail.google.com44,142.250.80.101,GOOGLE
1346,mail.google.com37,142.250.80.101,GOOGLE
1347,mail.google.com46,142.250.80.101,GOOGLE
1348,ssl.gstatic.com32,142.250.81.227,GOOGLE
1349,mail.google.com31,142.250.80.101,GOOGLE
1350,gstatic.com5,142.251.32.99,GOOGLE
1351,fonts.gstatic.com1,142.250.80.67,GOOGLE
1352,gstatic.com12,142.251.32.99,GOOGLE
1353,apis.google.com3,142.250.64.78,GOOGLE
1354,mail.google.com73,142.250.80.101,GOOGLE
1355,mail.google.com51,142.250.80.101,GOOGLE
1356,gstatic.com13,142.251.32.99,GOOGLE
1357,mail.google.com17,142.250.80.101,GOOGLE
1358,mail.google.com43,142.250.80.101,GOOGLE
1359,ssl.gstatic.com6,142.250.81.227,GOOGLE
1360,gstatic.com17,142.251.32.99,GOOGLE
1361,ssl.gstatic.com36,142.250.81.227,GOOGLE
1362,mail.google.com55,142.250.80.101,GOOGLE
1363,ssl.gstatic.com20,142.250.81.227,GOOGLE
1364,fonts.googleapis.com,142.250.176.202,GOOGLE
1365,gstatic.com25,142.251.32.99,GOOGLE
1366,ssl.gstatic.com1,142.250.81.227,GOOGLE
1367,gstatic.com7,142.251.32.99,GOOGLE
1368,contacts.google.com,142.250.64.78,GOOGLE
1369,mail.google.com27,142.250.80.101,GOOGLE
1370,ssl.gstatic.com28,142.250.81.227,GOOGLE
1371,ssl.gstatic.com43,142.250.81.227,GOOGLE
1372,ogs.google.com,142.251.40.110,GOOGLE
1373,ssl.gstatic.com9,142.250.81.227,GOOGLE
1374,mail.google.com57,142.250.80.101,GOOGLE
1375,ssl.gstatic.com16,142.250.81.227,GOOGLE
1376,mail.google.com2,142.250.80.101,GOOGLE
1377,ssl.gstatic.com38,142.250.81.227,GOOGLE
1378,gstatic.com24,142.251.32.99,GOOGLE
1379,gstatic.com15,142.251.32.99,GOOGLE
1380,play.google.com1,142.250.65.206,GOOGLE
1381,mail.google.com16,142.250.80.101,GOOGLE
1382,mail.google.com13,142.250.80.101,GOOGLE
1383,mail.google.com5,142.250.80.101,GOOGLE
1384,ssl.gstatic.com13,142.250.81.227,GOOGLE
1385,contacts.google.com1,142.250.64.78,GOOGLE
1386,mail.google.com8,142.250.80.101,GOOGLE
1387,play.google.com3,142.250.65.206,GOOGLE
1388,gstatic.com16,142.251.32.99,GOOGLE
1389,ssl.gstatic.com39,142.250.81.227,GOOGLE
1390,ssl.gstatic.com34,142.250.81.227,GOOGLE
1391,play.google.com2,142.250.65.206,GOOGLE
1392,fonts.gstatic.com5,142.250.80.67,GOOGLE
1393,gstatic.com9,142.251.32.99,GOOGLE
1394,mail.google.com29,142.250.80.101,GOOGLE
1395,mail.google.com54,142.250.80.101,GOOGLE
1396,mail.google.com71,142.250.80.101,GOOGLE
1397,mail.google.com62,142.250.80.101,GOOGLE
1398,ssl.gstatic.com11,142.250.81.227,GOOGLE
1399,mail-ads.google.com,142.250.72.101,GOOGLE
1400,ssl.gstatic.com29,142.250.81.227,GOOGLE
1401,ssl.gstatic.com10,142.250.81.227,GOOGLE
1402,ssl.gstatic.com40,142.250.81.227,GOOGLE
1403,fonts.gstatic.com3,142.250.80.67,GOOGLE
1404,mail.google.com40,142.250.80.101,GOOGLE
1405,ssl.gstatic.com15,142.250.81.227,GOOGLE
1406,ssl.gstatic.com35,142.250.81.227,GOOGLE
1407,ssl.gstatic.com37,142.250.81.227,GOOGLE
1408,mail.google.com4,142.250.80.101,GOOGLE
1409,gstatic.com2,142.251.32.99,GOOGLE
1410,mail.google.com38,142.250.80.101,GOOGLE
1411,ssl.gstatic.com41,142.250.81.227,GOOGLE
1412,mail.google.com45,142.250.80.101,GOOGLE
1413,mail.google.com67,142.250.80.101,GOOGLE
1414,ssl.gstatic.com3,142.250.81.227,GOOGLE
1415,contacts.google.com4,142.250.64.78,GOOGLE
1416,ssl.gstatic.com8,142.250.81.227,GOOGLE
1417,gstatic.com6,142.251.32.99,GOOGLE
1418,gstatic.com18,142.251.32.99,GOOGLE
1419,ssl.gstatic.com33,142.250.81.227,GOOGLE
1420,gstatic.com10,142.251.32.99,GOOGLE
1421,mail.google.com68,142.250.80.101,GOOGLE
1422,mail.google.com66,142.250.80.101,GOOGLE
1423,ssl.gstatic.com26,142.250.81.227,GOOGLE
1424,mail.google.com14,142.250.80.101,GOOGLE
1425,mail.google.com25,142.250.80.101,GOOGLE
1426,fonts.gstatic.com6,142.250.80.67,GOOGLE
1427,mail.google.com42,142.250.80.101,GOOGLE
1428,mail.google.com26,142.250.80.101,GOOGLE
1429,waa-pa.clients6.google.com1,142.251.32.106,GOOGLE
1430,mail.google.com59,142.250.80.101,GOOGLE
1431,colgate.edu32,149.43.129.4,COLGATE-UNIVERSITY
1432,colgate.edu29,149.43.129.4,COLGATE-UNIVERSITY
1433,colgate.edu20,149.43.129.4,COLGATE-UNIVERSITY
1434,colgate.edu61,149.43.129.4,COLGATE-UNIVERSITY
1435,colgate.edu10,149.43.129.2,COLGATE-UNIVERSITY
1436,colgate.edu57,149.43.129.3,COLGATE-UNIVERSITY
1437,colgate.edu27,149.43.129.3,COLGATE-UNIVERSITY
1438,colgate.edu50,149.43.129.4,COLGATE-UNIVERSITY
1439,colgate.edu22,149.43.129.2,COLGATE-UNIVERSITY
1440,colgate.edu21,149.43.129.4,COLGATE-UNIVERSITY
1441,colgate.edu3,149.43.129.4,COLGATE-UNIVERSITY
1442,colgate.edu37,149.43.129.4,COLGATE-UNIVERSITY
1443,colgate.edu19,149.43.129.3,COLGATE-UNIVERSITY
1444,colgate.edu55,149.43.129.1,COLGATE-UNIVERSITY
1445,colgate.edu40,149.43.129.3,COLGATE-UNIVERSITY
1446,googletagmanager.com,142.251.40.200,GOOGLE
1447,colgate.edu54,149.43.129.3,COLGATE-UNIVERSITY
1448,js-agent.newrelic.com1,162.247.243.39,FASTLY
1449,colgate.edu26,149.43.129.2,COLGATE-UNIVERSITY
1450,colgate.edu11,149.43.129.3,COLGATE-UNIVERSITY
1451,colgate.edu46,149.43.129.1,COLGATE-UNIVERSITY
1452,colgate.edu58,149.43.129.1,COLGATE-UNIVERSITY
1453,colgate.edu17,149.43.129.3,COLGATE-UNIVERSITY
1454,colgate.edu31,149.43.129.1,COLGATE-UNIVERSITY
1455,colgate.edu14,149.43.129.1,COLGATE-UNIVERSITY
1456,localist-images.azureedge.net1,13.107.213.35,MICROSOFT-CORP-MSN-AS-BLOCK
1457,colgate.edu42,149.43.129.2,COLGATE-UNIVERSITY
1458,colgate.edu25,149.43.129.3,COLGATE-UNIVERSITY
1459,colgate.edu6,149.43.129.4,COLGATE-UNIVERSITY
1460,colgate.edu45,149.43.129.4,COLGATE-UNIVERSITY
1461,colgate.edu39,149.43.129.2,COLGATE-UNIVERSITY
1462,colgate.edu56,149.43.129.3,COLGATE-UNIVERSITY
1463,colgate.edu30,149.43.129.4,COLGATE-UNIVERSITY
1464,colgate.edu2,149.43.129.2,COLGATE-UNIVERSITY
1465,colgate.edu16,149.43.129.4,COLGATE-UNIVERSITY
1466,colgate.edu51,149.43.129.1,COLGATE-UNIVERSITY
1467,colgate.edu43,149.43.129.1,COLGATE-UNIVERSITY
1468,colgate.edu15,149.43.129.1,COLGATE-UNIVERSITY
1469,colgate.edu4,149.43.129.1,COLGATE-UNIVERSITY
1470,colgate.edu9,149.43.129.2,COLGATE-UNIVERSITY
1471,localist-images.azureedge.net,13.107.246.35,MICROSOFT-CORP-MSN-AS-BLOCK
1472,connect.facebook.net,31.13.71.7,FACEBOOK
1473,colgate.edu47,149.43.129.2,COLGATE-UNIVERSITY
1474,colgate.edu18,149.43.129.3,COLGATE-UNIVERSITY
1475,colgate.edu60,149.43.129.2,COLGATE-UNIVERSITY
1476,colgate.edu44,149.43.129.4,COLGATE-UNIVERSITY
1477,colgate.edu53,149.43.129.1,COLGATE-UNIVERSITY
1478,colgate.edu5,149.43.129.2,COLGATE-UNIVERSITY
1479,js-agent.newrelic.com,162.247.243.39,FASTLY
1480,colgate.edu28,149.43.129.4,COLGATE-UNIVERSITY
1481,colgate.edu13,149.43.129.4,COLGATE-UNIVERSITY
1482,colgate.edu24,149.43.129.2,COLGATE-UNIVERSITY
1483,youvisit.com,13.226.34.4,AMAZON-02
1484,colgate.edu59,149.43.129.4,COLGATE-UNIVERSITY
1485,connect.facebook.net1,31.13.71.7,FACEBOOK
1486,colgate.edu,149.43.129.4,COLGATE-UNIVERSITY
1487,colgate.edu36,149.43.129.3,COLGATE-UNIVERSITY
1488,colgate.edu48,149.43.129.3,COLGATE-UNIVERSITY
1489,colgate.edu8,149.43.129.2,COLGATE-UNIVERSITY
1490,pandas.pydata.org9,104.26.0.204,CLOUDFLARENET
1491,pandas.pydata.org3,172.67.71.236,CLOUDFLARENET
1492,pandas.pydata.org,104.26.1.204,CLOUDFLARENET
1493,cdn.jsdelivr.net3,199.232.37.229,FASTLY
1494,pandas.pydata.org12,104.26.0.204,CLOUDFLARENET
1495,pandas.pydata.org5,104.26.1.204,CLOUDFLARENET
1496,pandas.pydata.org1,104.26.0.204,CLOUDFLARENET
1497,pandas.pydata.org10,104.26.1.204,CLOUDFLARENET
1498,pandas.pydata.org13,104.26.0.204,CLOUDFLARENET
1499,views.scientific-python.org,51.81.254.11,OVH
1500,cdn.jsdelivr.net2,199.232.37.229,FASTLY
1501,pandas.pydata.org11,104.26.0.204,CLOUDFLARENET
1502,pandas.pydata.org8,104.26.1.204,CLOUDFLARENET
1503,cdn.jsdelivr.net1,199.232.37.229,FASTLY
1504,cdn.jsdelivr.net,199.232.37.229,FASTLY
1505,pandas.pydata.org4,104.26.0.204,CLOUDFLARENET
1506,views.scientific-python.org1,51.81.254.11,OVH
1507,pandas.pydata.org2,104.26.0.204,CLOUDFLARENET
1508,pandas.pydata.org15,172.67.71.236,CLOUDFLARENET
1509,pandas.pydata.org7,104.26.1.204,CLOUDFLARENET
1510,pandas.pydata.org6,172.67.71.236,CLOUDFLARENET
1511,pandas.pydata.org14,104.26.1.204,CLOUDFLARENET
1512,images.ctfassets.net6,108.138.106.48,AMAZON-02
1513,notion.so34,172.64.148.154,CLOUDFLARENET
1514,accounts.google.com1,142.251.16.84,GOOGLE
1515,notion.so13,104.18.39.102,CLOUDFLARENET
1516,notion.so44,172.64.148.154,CLOUDFLARENET
1517,notion.so15,104.18.39.102,CLOUDFLARENET
1518,images.ctfassets.net13,108.138.106.39,AMAZON-02
1519,notion.so28,104.18.39.102,CLOUDFLARENET
1520,notion.so37,172.64.148.154,CLOUDFLARENET
1521,notion.so66,104.18.39.102,CLOUDFLARENET
1522,notion.so26,172.64.148.154,CLOUDFLARENET
1523,notion.so47,172.64.148.154,CLOUDFLARENET
1524,notion.so38,104.18.39.102,CLOUDFLARENET
1525,accounts.google.com4,142.251.16.84,GOOGLE
1526,notion.so62,172.64.148.154,CLOUDFLARENET
1527,notion.so58,172.64.148.154,CLOUDFLARENET
1528,notion.so67,172.64.148.154,CLOUDFLARENET
1529,images.ctfassets.net12,108.138.106.44,AMAZON-02
1530,notion.so42,104.18.39.102,CLOUDFLARENET
1531,notion.so23,172.64.148.154,CLOUDFLARENET
1532,notion.so4,172.64.148.154,CLOUDFLARENET
1533,notion.so74,172.64.148.154,CLOUDFLARENET
1534,notion.so71,172.64.148.154,CLOUDFLARENET
1535,notion.so78,104.18.39.102,CLOUDFLARENET
1536,notion.so72,172.64.148.154,CLOUDFLARENET
1537,notion.so75,104.18.39.102,CLOUDFLARENET
1538,notion.so6,172.64.148.154,CLOUDFLARENET
1539,accounts.google.com3,142.251.16.84,GOOGLE
1540,notion.so5,172.64.148.154,CLOUDFLARENET
1541,public.profitwell.com,18.238.49.117,AMAZON-02
1542,notion.so36,172.64.148.154,CLOUDFLARENET
1543,accounts.google.com2,142.251.16.84,GOOGLE
1544,notion.so10,172.64.148.154,CLOUDFLARENET
1545,notion.so49,172.64.148.154,CLOUDFLARENET
1546,images.ctfassets.net1,108.138.106.48,AMAZON-02
1547,notion.so33,172.64.148.154,CLOUDFLARENET
1548,notion.so55,172.64.148.154,CLOUDFLARENET
1549,notion.so20,104.18.39.102,CLOUDFLARENET
1550,notion.so21,104.18.39.102,CLOUDFLARENET
1551,accounts.google.com,142.251.16.84,GOOGLE
1552,notion.so17,104.18.39.102,CLOUDFLARENET
1553,images.ctfassets.net5,108.138.106.48,AMAZON-02
1554,images.ctfassets.net8,108.138.106.44,AMAZON-02
1555,notion.so39,172.64.148.154,CLOUDFLARENET
1556,notion.so9,104.18.39.102,CLOUDFLARENET
1557,exp.notion.so4,104.18.39.102,CLOUDFLARENET
1558,notion.so19,172.64.148.154,CLOUDFLARENET
1559,notion.so25,104.18.39.102,CLOUDFLARENET
1560,notion.so52,104.18.39.102,CLOUDFLARENET
1561,notion.so64,172.64.148.154,CLOUDFLARENET
1562,exp.notion.so1,172.64.148.154,CLOUDFLARENET
1563,notion.so35,104.18.39.102,CLOUDFLARENET
1564,images.ctfassets.net9,108.138.106.48,AMAZON-02
1565,notion.so31,172.64.148.154,CLOUDFLARENET
1566,notion.so76,104.18.39.102,CLOUDFLARENET
1567,notion.so43,172.64.148.154,CLOUDFLARENET
1568,notion.so63,172.64.148.154,CLOUDFLARENET
1569,notion.so27,104.18.39.102,CLOUDFLARENET
1570,images.ctfassets.net3,108.138.106.44,AMAZON-02
1571,notion.so73,104.18.39.102,CLOUDFLARENET
1572,exp.notion.so6,172.64.148.154,CLOUDFLARENET
1573,transcend-cdn.com,172.66.40.196,CLOUDFLARENET
1574,notion.so59,104.18.39.102,CLOUDFLARENET
1575,notion.so30,104.18.39.102,CLOUDFLARENET
1576,o324374.ingest.sentry.io,34.120.195.249,GOOGLE-CLOUD-PLATFORM
1577,notion.so57,172.64.148.154,CLOUDFLARENET
1578,notion.so65,172.64.148.154,CLOUDFLARENET
1579,notion.so70,172.64.148.154,CLOUDFLARENET
1580,exp.notion.so5,172.64.148.154,CLOUDFLARENET
1581,notion.so48,172.64.148.154,CLOUDFLARENET
1582,exp.notion.so2,104.18.39.102,CLOUDFLARENET
1583,notion.so45,104.18.39.102,CLOUDFLARENET
1584,notion.so61,172.64.148.154,CLOUDFLARENET
1585,notion.so50,104.18.39.102,CLOUDFLARENET
1586,notion.so40,172.64.148.154,CLOUDFLARENET
1587,notion.so32,172.64.148.154,CLOUDFLARENET
1588,notion.so7,172.64.148.154,CLOUDFLARENET
1589,notion.so11,104.18.39.102,CLOUDFLARENET
1590,notion.so14,104.18.39.102,CLOUDFLARENET
1591,notion.so46,172.64.148.154,CLOUDFLARENET
1592,notion.so3,172.64.148.154,CLOUDFLARENET
1593,images.ctfassets.net2,108.138.106.39,AMAZON-02
1594,images.ctfassets.net7,108.138.106.48,AMAZON-02
1595,notion.so60,172.64.148.154,CLOUDFLARENET
1596,exp.notion.so,104.18.39.102,CLOUDFLARENET
1597,notion.so29,172.64.148.154,CLOUDFLARENET
1598,notion.so2,104.18.39.102,CLOUDFLARENET
1599,notion.so54,104.18.39.102,CLOUDFLARENET
1600,notion.so1,104.18.39.102,CLOUDFLARENET
1601,exp.notion.so3,104.18.39.102,CLOUDFLARENET
1602,notion.so16,104.18.39.102,CLOUDFLARENET
1603,notion.so68,172.64.148.154,CLOUDFLARENET
1604,notion.so8,172.64.148.154,CLOUDFLARENET
1605,exp.notion.so8,104.18.39.102,CLOUDFLARENET
1606,notion.so18,104.18.39.102,CLOUDFLARENET
1607,notion.so12,172.64.148.154,CLOUDFLARENET
1608,notion.so22,104.18.39.102,CLOUDFLARENET
1609,notion.so77,104.18.39.102,CLOUDFLARENET
1610,images.ctfassets.net4,108.138.106.44,AMAZON-02
1611,notion.so41,104.18.39.102,CLOUDFLARENET
1612,images.ctfassets.net,108.138.106.39,AMAZON-02
1613,notion.so51,104.18.39.102,CLOUDFLARENET
1614,images.ctfassets.net11,108.138.106.48,AMAZON-02
1615,notion.so24,104.18.39.102,CLOUDFLARENET
1616,notion.so69,172.64.148.154,CLOUDFLARENET
1617,notion.so53,104.18.39.102,CLOUDFLARENET
1618,notion.so,104.18.39.102,CLOUDFLARENET
1619,notion.so56,104.18.39.102,CLOUDFLARENET
1620,images.ctfassets.net10,108.138.106.48,AMAZON-02
1621,exp.notion.so7,172.64.148.154,CLOUDFLARENET
1622,api.dineoncampus.com5,104.26.8.15,CLOUDFLARENET
1623,dineoncampus.com,104.26.9.15,CLOUDFLARENET
1624,facebook.com1,31.13.71.36,FACEBOOK
1625,static.xx.fbcdn.net16,31.13.71.7,FACEBOOK
1626,scontent-lga3-2.xx.fbcdn.net8,157.240.241.1,FACEBOOK
1627,api.dineoncampus.com,104.26.8.15,CLOUDFLARENET
1628,dineoncampus.com7,172.67.69.131,CLOUDFLARENET
1629,dineoncampus.com10,104.26.9.15,CLOUDFLARENET
1630,scontent-lga3-1.xx.fbcdn.net9,31.13.71.7,FACEBOOK
1631,static.xx.fbcdn.net4,31.13.71.7,FACEBOOK
1632,static.xx.fbcdn.net20,31.13.71.7,FACEBOOK
1633,scontent-lga3-2.xx.fbcdn.net5,157.240.241.1,FACEBOOK
1634,scontent-lga3-2.xx.fbcdn.net1,157.240.241.1,FACEBOOK
1635,scontent-lga3-1.xx.fbcdn.net10,31.13.71.7,FACEBOOK
1636,static.xx.fbcdn.net13,31.13.71.7,FACEBOOK
1637,api.dineoncampus.com4,104.26.8.15,CLOUDFLARENET
1638,api.dineoncampus.com8,104.26.9.15,CLOUDFLARENET
1639,hello.myfonts.net,104.18.208.173,CLOUDFLARENET
1640,dineoncampus.com1,172.67.69.131,CLOUDFLARENET
1641,scontent-lga3-2.xx.fbcdn.net6,157.240.241.1,FACEBOOK
1642,static.xx.fbcdn.net17,31.13.71.7,FACEBOOK
1643,gstatic.com,142.251.32.99,GOOGLE
1644,static.xx.fbcdn.net5,31.13.71.7,FACEBOOK
1645,dineoncampus.com5,104.26.9.15,CLOUDFLARENET
1646,scontent-lga3-1.xx.fbcdn.net3,31.13.71.7,FACEBOOK
1647,scontent-lga3-1.xx.fbcdn.net4,31.13.71.7,FACEBOOK
1648,googletagmanager.com,142.251.40.200,GOOGLE
1649,static.xx.fbcdn.net18,31.13.71.7,FACEBOOK
1650,dineoncampus.com15,172.67.69.131,CLOUDFLARENET
1651,static.xx.fbcdn.net9,31.13.71.7,FACEBOOK
1652,api.dineoncampus.com10,104.26.8.15,CLOUDFLARENET
1653,static.xx.fbcdn.net19,31.13.71.7,FACEBOOK
1654,dineoncampus.com9,104.26.9.15,CLOUDFLARENET
1655,facebook.com2,31.13.71.36,FACEBOOK
1656,scontent-lga3-1.xx.fbcdn.net,31.13.71.7,FACEBOOK
1657,dineoncampus.com2,104.26.9.15,CLOUDFLARENET
1658,scontent-lga3-1.xx.fbcdn.net5,31.13.71.7,FACEBOOK
1659,api.dineoncampus.com9,172.67.69.131,CLOUDFLARENET
1660,scontent-lga3-2.xx.fbcdn.net2,157.240.241.1,FACEBOOK
1661,scontent-lga3-1.xx.fbcdn.net1,31.13.71.7,FACEBOOK
1662,static.xx.fbcdn.net1,31.13.71.7,FACEBOOK
1663,scontent-lga3-2.xx.fbcdn.net,157.240.241.1,FACEBOOK
1664,api.dineoncampus.com6,172.67.69.131,CLOUDFLARENET
1665,google.com,142.250.80.78,GOOGLE
1666,static.xx.fbcdn.net27,31.13.71.7,FACEBOOK
1667,scontent-lga3-1.xx.fbcdn.net6,31.13.71.7,FACEBOOK
1668,dineoncampus.com12,172.67.69.131,CLOUDFLARENET
1669,static.xx.fbcdn.net28,31.13.71.7,FACEBOOK
1670,dineoncampus.com13,104.26.9.15,CLOUDFLARENET
1671,static.xx.fbcdn.net2,31.13.71.7,FACEBOOK
1672,static.xx.fbcdn.net25,31.13.71.7,FACEBOOK
1673,sentry.io1,35.186.247.156,GOOGLE
1674,dineoncampus.com6,104.26.8.15,CLOUDFLARENET
1675,static.xx.fbcdn.net,31.13.71.7,FACEBOOK
1676,static.xx.fbcdn.net24,31.13.71.7,FACEBOOK
1677,static.xx.fbcdn.net22,31.13.71.7,FACEBOOK
1678,static.xx.fbcdn.net6,31.13.71.7,FACEBOOK
1679,facebook.com,31.13.71.36,FACEBOOK
1680,dineoncampus.com11,104.26.9.15,CLOUDFLARENET
1681,fonts.googleapis.com2,142.250.176.202,GOOGLE
1682,static.xx.fbcdn.net8,31.13.71.7,FACEBOOK
1683,static.xx.fbcdn.net7,31.13.71.7,FACEBOOK
1684,static.xx.fbcdn.net26,31.13.71.7,FACEBOOK
1685,static.xx.fbcdn.net12,31.13.71.7,FACEBOOK
1686,static.xx.fbcdn.net15,31.13.71.7,FACEBOOK
1687,static.xx.fbcdn.net14,31.13.71.7,FACEBOOK
1688,dineoncampus.com8,172.67.69.131,CLOUDFLARENET
1689,fonts.googleapis.com,142.250.176.202,GOOGLE
1690,static.xx.fbcdn.net3,31.13.71.7,FACEBOOK
1691,scontent-lga3-1.xx.fbcdn.net2,31.13.71.7,FACEBOOK
1692,dineoncampus.com16,172.67.69.131,CLOUDFLARENET
1693,api.dineoncampus.com2,104.26.8.15,CLOUDFLARENET
1694,scontent-lga3-2.xx.fbcdn.net7,157.240.241.1,FACEBOOK
1695,fonts.googleapis.com1,142.250.176.202,GOOGLE
1696,static.xx.fbcdn.net21,31.13.71.7,FACEBOOK
1697,sentry.io,35.186.247.156,GOOGLE
1698,scontent-lga3-2.xx.fbcdn.net3,157.240.241.1,FACEBOOK
1699,scontent-lga3-1.xx.fbcdn.net7,31.13.71.7,FACEBOOK
1700,scontent-lga3-2.xx.fbcdn.net11,157.240.241.1,FACEBOOK
1701,scontent-lga3-2.xx.fbcdn.net9,157.240.241.1,FACEBOOK
1702,api.dineoncampus.com7,104.26.8.15,CLOUDFLARENET
1703,dineoncampus.com14,104.26.8.15,CLOUDFLARENET
1704,google-analytics.com,142.250.80.36,GOOGLE
1705,static.xx.fbcdn.net11,31.13.71.7,FACEBOOK
1706,api.dineoncampus.com3,172.67.69.131,CLOUDFLARENET
1707,api.dineoncampus.com1,104.26.8.15,CLOUDFLARENET
1708,scontent-lga3-2.xx.fbcdn.net10,157.240.241.1,FACEBOOK
1709,scontent-lga3-1.xx.fbcdn.net8,31.13.71.7,FACEBOOK
1710,static.xx.fbcdn.net23,31.13.71.7,FACEBOOK
1711,dineoncampus.com4,104.26.8.15,CLOUDFLARENET
1712,dineoncampus.com3,104.26.8.15,CLOUDFLARENET
1713,scontent-lga3-2.xx.fbcdn.net4,157.240.241.1,FACEBOOK
1714,static.xx.fbcdn.net10,31.13.71.7,FACEBOOK
1715,buff.163.com23,52.10.244.182,AMAZON-02
1716,g.fp.ps.netease.com4,23.205.20.151,AKAMAI-AS
1717,g.fp.ps.netease.com9,23.205.20.151,AKAMAI-AS
1718,buff.163.com11,52.10.244.182,AMAZON-02
1719,g.fp.ps.netease.com8,23.205.20.151,AKAMAI-AS
1720,buff.163.com15,44.239.175.199,AMAZON-02
1721,market.fp.ps.netease.com8,47.246.23.233,TAOBAO Zhejiang Taobao Network Co.
1722,market.fp.ps.netease.com9,47.246.23.231,TAOBAO Zhejiang Taobao Network Co.
1723,urswebzj.nosdn.127.net,128.1.157.229,ZEN-ECN
1724,g.fp.ps.netease.com1,23.205.20.151,AKAMAI-AS
1725,buff.163.com8,44.239.175.199,AMAZON-02
1726,buff.163.com4,44.239.175.199,AMAZON-02
1727,g.fp.ps.netease.com2,23.205.20.151,AKAMAI-AS
1728,market.fp.ps.netease.com4,47.246.23.232,TAOBAO Zhejiang Taobao Network Co.
1729,buff.163.com19,44.239.175.199,AMAZON-02
1730,buff.163.com25,52.10.244.182,AMAZON-02
1731,g.fp.ps.netease.com14,23.205.20.151,AKAMAI-AS
1732,buff.163.com13,52.10.244.182,AMAZON-02
1733,g.fp.ps.netease.com18,23.205.20.151,AKAMAI-AS
1734,market.fp.ps.netease.com11,47.246.23.235,TAOBAO Zhejiang Taobao Network Co.
1735,g.fp.ps.netease.com5,23.205.20.151,AKAMAI-AS
1736,buff.163.com18,44.239.175.199,AMAZON-02
1737,websource.nie.netease.com,45.253.118.213,NETEASE-NETWORK NetEase Building No.16 Ke Yun Road
1738,buff.163.com6,44.239.175.199,AMAZON-02
1739,buff.163.com10,44.239.175.199,AMAZON-02
1740,g.fp.ps.netease.com13,23.205.20.151,AKAMAI-AS
1741,buff.163.com7,52.10.244.182,AMAZON-02
1742,buff.163.com26,44.239.175.199,AMAZON-02
1743,buff.163.com20,44.239.175.199,AMAZON-02
1744,buff.163.com22,44.239.175.199,AMAZON-02
1745,buff.163.com5,44.239.175.199,AMAZON-02
1746,market.fp.ps.netease.com6,47.246.23.237,TAOBAO Zhejiang Taobao Network Co.
1747,g.fp.ps.netease.com6,23.205.20.151,AKAMAI-AS
1748,g.fp.ps.netease.com,23.205.20.151,AKAMAI-AS
1749,buff.163.com16,52.10.244.182,AMAZON-02
1750,market.fp.ps.netease.com1,47.246.23.234,TAOBAO Zhejiang Taobao Network Co.
1751,market.fp.ps.netease.com,47.246.23.238,TAOBAO Zhejiang Taobao Network Co.
1752,g.fp.ps.netease.com17,23.205.20.151,AKAMAI-AS
1753,g.fp.ps.netease.com12,23.205.20.151,AKAMAI-AS
1754,buff.163.com12,44.239.175.199,AMAZON-02
1755,buff.163.com14,44.239.175.199,AMAZON-02
1756,market.fp.ps.netease.com10,47.246.23.231,TAOBAO Zhejiang Taobao Network Co.
1757,market.fp.ps.netease.com2,47.246.23.238,TAOBAO Zhejiang Taobao Network Co.
1758,market.fp.ps.netease.com3,47.246.23.237,TAOBAO Zhejiang Taobao Network Co.
1759,market.fp.ps.netease.com5,47.246.23.238,TAOBAO Zhejiang Taobao Network Co.
1760,g.fp.ps.netease.com7,23.205.20.151,AKAMAI-AS
1761,g.fp.ps.netease.com15,23.205.20.151,AKAMAI-AS
1762,buff.163.com3,52.10.244.182,AMAZON-02
1763,buff.163.com9,44.239.175.199,AMAZON-02
1764,buff.163.com21,44.239.175.199,AMAZON-02
1765,buff.163.com,52.10.244.182,AMAZON-02
1766,market.fp.ps.netease.com7,47.246.23.231,TAOBAO Zhejiang Taobao Network Co.
1767,buff.163.com2,44.239.175.199,AMAZON-02
1768,g.fp.ps.netease.com16,23.205.20.151,AKAMAI-AS
1769,g.fp.ps.netease.com3,23.205.20.151,AKAMAI-AS
1770,g.fp.ps.netease.com11,23.205.20.151,AKAMAI-AS
1771,buff.163.com24,52.10.244.182,AMAZON-02
1772,buff.163.com17,52.10.244.182,AMAZON-02
1773,buff.163.com1,52.10.244.182,AMAZON-02
1774,g.fp.ps.netease.com10,23.205.20.151,AKAMAI-AS
1775,cdn.oaistatic.com15,172.64.146.98,CLOUDFLARENET
1776,ab.chatgpt.com1,172.64.155.141,CLOUDFLARENET
1777,chat.openai.com10,104.18.37.228,CLOUDFLARENET
1778,cdn.oaistatic.com6,104.18.41.158,CLOUDFLARENET
1779,cdn.oaistatic.com5,172.64.146.98,CLOUDFLARENET
1780,chat.openai.com8,104.18.37.228,CLOUDFLARENET
1781,chat.openai.com15,104.18.37.228,CLOUDFLARENET
1782,chat.openai.com3,172.64.150.28,CLOUDFLARENET
1783,ab.chatgpt.com4,104.18.32.115,CLOUDFLARENET
1784,cdn.oaistatic.com9,172.64.146.98,CLOUDFLARENET
1785,js.intercomcdn.com1,108.139.47.21,AMAZON-02
1786,ab.chatgpt.com7,172.64.155.141,CLOUDFLARENET
1787,cdn.oaistatic.com13,172.64.146.98,CLOUDFLARENET
1788,ab.chatgpt.com5,172.64.155.141,CLOUDFLARENET
1789,cdn.oaistatic.com12,172.64.146.98,CLOUDFLARENET
1790,chat.openai.com1,172.64.150.28,CLOUDFLARENET
1791,chat.openai.com6,104.18.37.228,CLOUDFLARENET
1792,chat.openai.com14,172.64.150.28,CLOUDFLARENET
1793,cdn.oaistatic.com3,172.64.146.98,CLOUDFLARENET
1794,cdn.oaistatic.com4,172.64.146.98,CLOUDFLARENET
1795,ab.chatgpt.com3,104.18.32.115,CLOUDFLARENET
1796,chat.openai.com9,104.18.37.228,CLOUDFLARENET
1797,js.intercomcdn.com,108.139.47.21,AMAZON-02
1798,chat.openai.com2,172.64.150.28,CLOUDFLARENET
1799,cdn.oaistatic.com8,172.64.146.98,CLOUDFLARENET
1800,cdn.oaistatic.com14,172.64.146.98,CLOUDFLARENET
1801,chat.openai.com11,104.18.37.228,CLOUDFLARENET
1802,cdn.oaistatic.com11,104.18.41.158,CLOUDFLARENET
1803,ab.chatgpt.com,172.64.155.141,CLOUDFLARENET
1804,ab.chatgpt.com2,172.64.155.141,CLOUDFLARENET
1805,chat.openai.com12,104.18.37.228,CLOUDFLARENET
1806,chat.openai.com7,104.18.37.228,CLOUDFLARENET
1807,chat.openai.com13,172.64.150.28,CLOUDFLARENET
1808,cdn.oaistatic.com10,104.18.41.158,CLOUDFLARENET
1809,ab.chatgpt.com6,172.64.155.141,CLOUDFLARENET
1810,cdn.oaistatic.com7,172.64.146.98,CLOUDFLARENET
1811,chat.openai.com5,172.64.150.28,CLOUDFLARENET
1812,cdn.oaistatic.com1,104.18.41.158,CLOUDFLARENET
1813,chat.openai.com,104.18.37.228,CLOUDFLARENET
1814,chat.openai.com4,172.64.150.28,CLOUDFLARENET
1815,cdn.oaistatic.com2,172.64.146.98,CLOUDFLARENET
1816,cdn.oaistatic.com,104.18.41.158,CLOUDFLARENET
1817,widget.intercom.io,13.226.34.3,AMAZON-02
